,ID,celebID
0,tt0000009,nm0000701
1,tt0000009,nm0000643
2,tt0000009,nm0000564
3,tt0000009,nm0000247
4,tt0000009,nm0000852
5,tt0000009,nm0001205
6,tt0000009,nm0000324
7,tt0000009,nm0001127
8,tt0000009,nm0000332
9,tt0000009,nm0000353
10,tt0000147,nm0000335
11,tt0000147,nm0000422
12,tt0000147,nm0000063
13,tt0000147,nm0001258
14,tt0000147,nm0001390
15,tt0000335,nm0000774
16,tt0000335,nm0001085
17,tt0000335,nm0001353
18,tt0000335,nm0000230
19,tt0000335,nm0000104
20,tt0000335,nm0001497
21,tt0000335,nm0001343
22,tt0000335,nm0001023
23,tt0000335,nm0000857
24,tt0000502,nm0000093
25,tt0000502,nm0000933
26,tt0000502,nm0000564
27,tt0000502,nm0001301
28,tt0000502,nm0000048
29,tt0000574,nm0001390
30,tt0000574,nm0000149
31,tt0000574,nm0000434
32,tt0000574,nm0000744
33,tt0000574,nm0001331
34,tt0000574,nm0001474
35,tt0000574,nm0000019
36,tt0000615,nm0000871
37,tt0000615,nm0000486
38,tt0000615,nm0001206
39,tt0000615,nm0001408
40,tt0000615,nm0000627
41,tt0000630,nm0000661
42,tt0000630,nm0001264
43,tt0000630,nm0000808
44,tt0000630,nm0000733
45,tt0000630,nm0001418
46,tt0000630,nm0001208
47,tt0000630,nm0000388
48,tt0000675,nm0000198
49,tt0000675,nm0000428
50,tt0000675,nm0000367
51,tt0000675,nm0001136
52,tt0000675,nm0000624
53,tt0000676,nm0000954
54,tt0000676,nm0000909
55,tt0000676,nm0001016
56,tt0000676,nm0000568
57,tt0000676,nm0000493
58,tt0000676,nm0001167
59,tt0000676,nm0000062
60,tt0000676,nm0000606
61,tt0000676,nm0001220
62,tt0000679,nm0001166
63,tt0000679,nm0001227
64,tt0000679,nm0001495
65,tt0000679,nm0000263
66,tt0000679,nm0000627
67,tt0000679,nm0000656
68,tt0000739,nm0000471
69,tt0000739,nm0000420
70,tt0000739,nm0000591
71,tt0000739,nm0000468
72,tt0000739,nm0000331
73,tt0000793,nm0000040
74,tt0000793,nm0000893
75,tt0000793,nm0001047
76,tt0000793,nm0000267
77,tt0000793,nm0000608
78,tt0000793,nm0000661
79,tt0000793,nm0000119
80,tt0000793,nm0001465
81,tt0000793,nm0000836
82,tt0000793,nm0001266
83,tt0000812,nm0001436
84,tt0000812,nm0001500
85,tt0000812,nm0001110
86,tt0000812,nm0000450
87,tt0000812,nm0000225
88,tt0000812,nm0001232
89,tt0000812,nm0000951
90,tt0000814,nm0001469
91,tt0000814,nm0000838
92,tt0000814,nm0000146
93,tt0000814,nm0000098
94,tt0000814,nm0000193
95,tt0000814,nm0001348
96,tt0000838,nm0001264
97,tt0000838,nm0000006
98,tt0000838,nm0000023
99,tt0000838,nm0001408
100,tt0000838,nm0001158
101,tt0000838,nm0000272
102,tt0000838,nm0000009
103,tt0000838,nm0001482
104,tt0000842,nm0001204
105,tt0000842,nm0000636
106,tt0000842,nm0000270
107,tt0000842,nm0000743
108,tt0000842,nm0000324
109,tt0000842,nm0000386
110,tt0000842,nm0000027
111,tt0000846,nm0001250
112,tt0000846,nm0000712
113,tt0000846,nm0000743
114,tt0000846,nm0001187
115,tt0000846,nm0000640
116,tt0000846,nm0000753
117,tt0000846,nm0000734
118,tt0000850,nm0000432
119,tt0000850,nm0001314
120,tt0000850,nm0000115
121,tt0000850,nm0001342
122,tt0000850,nm0001478
123,tt0000850,nm0001302
124,tt0000850,nm0000226
125,tt0000850,nm0000928
126,tt0000850,nm0001081
127,tt0000859,nm0001246
128,tt0000859,nm0000997
129,tt0000859,nm0001466
130,tt0000859,nm0001274
131,tt0000859,nm0001457
132,tt0000859,nm0000383
133,tt0000859,nm0001014
134,tt0000859,nm0001106
135,tt0000859,nm0000064
136,tt0000862,nm0000310
137,tt0000862,nm0000073
138,tt0000862,nm0000699
139,tt0000862,nm0000397
140,tt0000862,nm0001214
141,tt0000862,nm0000619
142,tt0000862,nm0001470
143,tt0000862,nm0000850
144,tt0000862,nm0000136
145,tt0000867,nm0001352
146,tt0000867,nm0001073
147,tt0000867,nm0000983
148,tt0000867,nm0000184
149,tt0000867,nm0000866
150,tt0000867,nm0000202
151,tt0000867,nm0001211
152,tt0000867,nm0000590
153,tt0000868,nm0000830
154,tt0000868,nm0000616
155,tt0000868,nm0000348
156,tt0000868,nm0000345
157,tt0000868,nm0000285
158,tt0000869,nm0001313
159,tt0000869,nm0000472
160,tt0000869,nm0000776
161,tt0000869,nm0000033
162,tt0000869,nm0000030
163,tt0000869,nm0000525
164,tt0000869,nm0001355
165,tt0000869,nm0001408
166,tt0000869,nm0001019
167,tt0000869,nm0000154
168,tt0000879,nm0001232
169,tt0000879,nm0001203
170,tt0000879,nm0001313
171,tt0000879,nm0000613
172,tt0000879,nm0001325
173,tt0000879,nm0000531
174,tt0000879,nm0001247
175,tt0000879,nm0001382
176,tt0000879,nm0000227
177,tt0000879,nm0000546
178,tt0000886,nm0000481
179,tt0000886,nm0000092
180,tt0000886,nm0001459
181,tt0000886,nm0000822
182,tt0000886,nm0000472
183,tt0000886,nm0001412
184,tt0000886,nm0000552
185,tt0000886,nm0000588
186,tt0000891,nm0000639
187,tt0000891,nm0000011
188,tt0000891,nm0000681
189,tt0000891,nm0000585
190,tt0000891,nm0001261
191,tt0000941,nm0001415
192,tt0000941,nm0001365
193,tt0000941,nm0000443
194,tt0000941,nm0001304
195,tt0000941,nm0000339
196,tt0000941,nm0000110
197,tt0000947,nm0000182
198,tt0000947,nm0000581
199,tt0000947,nm0000755
200,tt0000947,nm0000546
201,tt0000947,nm0000648
202,tt0000947,nm0000182
203,tt0000947,nm0000690
204,tt0000947,nm0000881
205,tt0000947,nm0000401
206,tt0000947,nm0001261
207,tt0000959,nm0001061
208,tt0000959,nm0000168
209,tt0000959,nm0001405
210,tt0000959,nm0001151
211,tt0000959,nm0000707
212,tt0000959,nm0001170
213,tt0000959,nm0000564
214,tt0000959,nm0000910
215,tt0000984,nm0001419
216,tt0000984,nm0000339
217,tt0000984,nm0000311
218,tt0000984,nm0000828
219,tt0000984,nm0000883
220,tt0000984,nm0001121
221,tt0000992,nm0000461
222,tt0000992,nm0000597
223,tt0000992,nm0000501
224,tt0000992,nm0000848
225,tt0000992,nm0000519
226,tt0001007,nm0000905
227,tt0001007,nm0000276
228,tt0001007,nm0000500
229,tt0001007,nm0000951
230,tt0001007,nm0000229
231,tt0001010,nm0001417
232,tt0001010,nm0000071
233,tt0001010,nm0000253
234,tt0001010,nm0001433
235,tt0001010,nm0000307
236,tt0001010,nm0000154
237,tt0001010,nm0000308
238,tt0001010,nm0000965
239,tt0001010,nm0001145
240,tt0001028,nm0000146
241,tt0001028,nm0000528
242,tt0001028,nm0000347
243,tt0001028,nm0000097
244,tt0001028,nm0000793
245,tt0001028,nm0000072
246,tt0001038,nm0001006
247,tt0001038,nm0001002
248,tt0001038,nm0000985
249,tt0001038,nm0000374
250,tt0001038,nm0000578
251,tt0001038,nm0001327
252,tt0001038,nm0000063
253,tt0001038,nm0000529
254,tt0001038,nm0001246
255,tt0001043,nm0000084
256,tt0001043,nm0001305
257,tt0001043,nm0001410
258,tt0001043,nm0000879
259,tt0001043,nm0001256
260,tt0001043,nm0000320
261,tt0001045,nm0000016
262,tt0001045,nm0000724
263,tt0001045,nm0000316
264,tt0001045,nm0000854
265,tt0001045,nm0000226
266,tt0001045,nm0000504
267,tt0001045,nm0000023
268,tt0001045,nm0000054
269,tt0001045,nm0000020
270,tt0001049,nm0000890
271,tt0001049,nm0000151
272,tt0001049,nm0001110
273,tt0001049,nm0001291
274,tt0001049,nm0000578
275,tt0001049,nm0001190
276,tt0001049,nm0001068
277,tt0001049,nm0001375
278,tt0001049,nm0000559
279,tt0001051,nm0000944
280,tt0001051,nm0000403
281,tt0001051,nm0000253
282,tt0001051,nm0000811
283,tt0001051,nm0000042
284,tt0001051,nm0000863
285,tt0001051,nm0000759
286,tt0001059,nm0000676
287,tt0001059,nm0000864
288,tt0001059,nm0000356
289,tt0001059,nm0000339
290,tt0001059,nm0000162
291,tt0001059,nm0000541
292,tt0001059,nm0000575
293,tt0001059,nm0000980
294,tt0001059,nm0000063
295,tt0001059,nm0001100
296,tt0001068,nm0000485
297,tt0001068,nm0000123
298,tt0001068,nm0001339
299,tt0001068,nm0001288
300,tt0001068,nm0001015
301,tt0001068,nm0000808
302,tt0001068,nm0000896
303,tt0001068,nm0001308
304,tt0001069,nm0001177
305,tt0001069,nm0000116
306,tt0001069,nm0000439
307,tt0001069,nm0001375
308,tt0001069,nm0000105
309,tt0001069,nm0001066
310,tt0001080,nm0000937
311,tt0001080,nm0001268
312,tt0001080,nm0001091
313,tt0001080,nm0000120
314,tt0001080,nm0000815
315,tt0001081,nm0001414
316,tt0001081,nm0000739
317,tt0001081,nm0001357
318,tt0001081,nm0000741
319,tt0001081,nm0000356
320,tt0001082,nm0001445
321,tt0001082,nm0001361
322,tt0001082,nm0000780
323,tt0001082,nm0000802
324,tt0001082,nm0000183
325,tt0001082,nm0000525
326,tt0001082,nm0000018
327,tt0001101,nm0000631
328,tt0001101,nm0001331
329,tt0001101,nm0000493
330,tt0001101,nm0000494
331,tt0001101,nm0001441
332,tt0001101,nm0001297
333,tt0001101,nm0001161
334,tt0001109,nm0001230
335,tt0001109,nm0001402
336,tt0001109,nm0001374
337,tt0001109,nm0000063
338,tt0001109,nm0000584
339,tt0001109,nm0000784
340,tt0001109,nm0000482
341,tt0001109,nm0000641
342,tt0001109,nm0000810
343,tt0001112,nm0001293
344,tt0001112,nm0000330
345,tt0001112,nm0000757
346,tt0001112,nm0000806
347,tt0001112,nm0000636
348,tt0001113,nm0000586
349,tt0001113,nm0001062
350,tt0001113,nm0001330
351,tt0001113,nm0000405
352,tt0001113,nm0000946
353,tt0001113,nm0001455
354,tt0001113,nm0000348
355,tt0001113,nm0000021
356,tt0001113,nm0001474
357,tt0001113,nm0000594
358,tt0001115,nm0001441
359,tt0001115,nm0001371
360,tt0001115,nm0001194
361,tt0001115,nm0001136
362,tt0001115,nm0000212
363,tt0001115,nm0000561
364,tt0001116,nm0000345
365,tt0001116,nm0001096
366,tt0001116,nm0000537
367,tt0001116,nm0001433
368,tt0001116,nm0000714
369,tt0001116,nm0001480
370,tt0001116,nm0000239
371,tt0001116,nm0001136
372,tt0001122,nm0001248
373,tt0001122,nm0001011
374,tt0001122,nm0000986
375,tt0001122,nm0001335
376,tt0001122,nm0001146
377,tt0001122,nm0000551
378,tt0001122,nm0000181
379,tt0001122,nm0000804
380,tt0001122,nm0000967
381,tt0001122,nm0001310
382,tt0001141,nm0000198
383,tt0001141,nm0000339
384,tt0001141,nm0000724
385,tt0001141,nm0001157
386,tt0001141,nm0001476
387,tt0001142,nm0001157
388,tt0001142,nm0000418
389,tt0001142,nm0000443
390,tt0001142,nm0000391
391,tt0001142,nm0000941
392,tt0001147,nm0000823
393,tt0001147,nm0000591
394,tt0001147,nm0000146
395,tt0001147,nm0000062
396,tt0001147,nm0001420
397,tt0001147,nm0000221
398,tt0001159,nm0000700
399,tt0001159,nm0000278
400,tt0001159,nm0000835
401,tt0001159,nm0000858
402,tt0001159,nm0001381
403,tt0001159,nm0001044
404,tt0001163,nm0000970
405,tt0001163,nm0001394
406,tt0001163,nm0001370
407,tt0001163,nm0000452
408,tt0001163,nm0001447
409,tt0001163,nm0000088
410,tt0001175,nm0001192
411,tt0001175,nm0000410
412,tt0001175,nm0000686
413,tt0001175,nm0001318
414,tt0001175,nm0000892
415,tt0001179,nm0000739
416,tt0001179,nm0001319
417,tt0001179,nm0000408
418,tt0001179,nm0001457
419,tt0001179,nm0001428
420,tt0001184,nm0001222
421,tt0001184,nm0001061
422,tt0001184,nm0000190
423,tt0001184,nm0001037
424,tt0001184,nm0000035
425,tt0001184,nm0000023
426,tt0001184,nm0000893
427,tt0001184,nm0001309
428,tt0001184,nm0000443
429,tt0001186,nm0000657
430,tt0001186,nm0000074
431,tt0001186,nm0000118
432,tt0001186,nm0000148
433,tt0001186,nm0000603
434,tt0001186,nm0000609
435,tt0001186,nm0000945
436,tt0001186,nm0000565
437,tt0001186,nm0000833
438,tt0001186,nm0001067
439,tt0001203,nm0000965
440,tt0001203,nm0000893
441,tt0001203,nm0000630
442,tt0001203,nm0001038
443,tt0001203,nm0001096
444,tt0001203,nm0000472
445,tt0001203,nm0000919
446,tt0001203,nm0001007
447,tt0001230,nm0001156
448,tt0001230,nm0001364
449,tt0001230,nm0000062
450,tt0001230,nm0000343
451,tt0001230,nm0001233
452,tt0001240,nm0000511
453,tt0001240,nm0000413
454,tt0001240,nm0001083
455,tt0001240,nm0000437
456,tt0001240,nm0000307
457,tt0001240,nm0000500
458,tt0001240,nm0000927
459,tt0001240,nm0001417
460,tt0001240,nm0000617
461,tt0001247,nm0000184
462,tt0001247,nm0001152
463,tt0001247,nm0000275
464,tt0001247,nm0000510
465,tt0001247,nm0001078
466,tt0001247,nm0001043
467,tt0001247,nm0001088
468,tt0001247,nm0000563
469,tt0001247,nm0000636
470,tt0001247,nm0000731
471,tt0001258,nm0000946
472,tt0001258,nm0000624
473,tt0001258,nm0001050
474,tt0001258,nm0000446
475,tt0001258,nm0000218
476,tt0001258,nm0001420
477,tt0001258,nm0000925
478,tt0001258,nm0001242
479,tt0001258,nm0000029
480,tt0001258,nm0000872
481,tt0001277,nm0000875
482,tt0001277,nm0000622
483,tt0001277,nm0001227
484,tt0001277,nm0001345
485,tt0001277,nm0000180
486,tt0001277,nm0000361
487,tt0001285,nm0001153
488,tt0001285,nm0000877
489,tt0001285,nm0000837
490,tt0001285,nm0000301
491,tt0001285,nm0000250
492,tt0001285,nm0000155
493,tt0001338,nm0000073
494,tt0001338,nm0000453
495,tt0001338,nm0000358
496,tt0001338,nm0001392
497,tt0001338,nm0001258
498,tt0001341,nm0000835
499,tt0001341,nm0001325
500,tt0001341,nm0000434
501,tt0001341,nm0000565
502,tt0001341,nm0000686
503,tt0001341,nm0000476
504,tt0001341,nm0000767
505,tt0001341,nm0000677
506,tt0001348,nm0001055
507,tt0001348,nm0000108
508,tt0001348,nm0000736
509,tt0001348,nm0001358
510,tt0001348,nm0000607
511,tt0001348,nm0001278
512,tt0001348,nm0001140
513,tt0001348,nm0000500
514,tt0001348,nm0000734
515,tt0001348,nm0000801
516,tt0001353,nm0001414
517,tt0001353,nm0000039
518,tt0001353,nm0000480
519,tt0001353,nm0000752
520,tt0001353,nm0000835
521,tt0001353,nm0001205
522,tt0001358,nm0000846
523,tt0001358,nm0000940
524,tt0001358,nm0000170
525,tt0001358,nm0000417
526,tt0001358,nm0000362
527,tt0001358,nm0001138
528,tt0001358,nm0001348
529,tt0001358,nm0001255
530,tt0001359,nm0000096
531,tt0001359,nm0000402
532,tt0001359,nm0001271
533,tt0001359,nm0000234
534,tt0001359,nm0000835
535,tt0001364,nm0000691
536,tt0001364,nm0001327
537,tt0001364,nm0001404
538,tt0001364,nm0000741
539,tt0001364,nm0001178
540,tt0001364,nm0000468
541,tt0001364,nm0001150
542,tt0001364,nm0000757
543,tt0001364,nm0001103
544,tt0001364,nm0000238
545,tt0001366,nm0001212
546,tt0001366,nm0000947
547,tt0001366,nm0000682
548,tt0001366,nm0000899
549,tt0001366,nm0000386
550,tt0001370,nm0000020
551,tt0001370,nm0000968
552,tt0001370,nm0000267
553,tt0001370,nm0001333
554,tt0001370,nm0000551
555,tt0001370,nm0000281
556,tt0001370,nm0000754
557,tt0001370,nm0000541
558,tt0001370,nm0001033
559,tt0001370,nm0001144
560,tt0001379,nm0000374
561,tt0001379,nm0000937
562,tt0001379,nm0001258
563,tt0001379,nm0000020
564,tt0001379,nm0001028
565,tt0001379,nm0001459
566,tt0001379,nm0001297
567,tt0001381,nm0000409
568,tt0001381,nm0001380
569,tt0001381,nm0000763
570,tt0001381,nm0000037
571,tt0001381,nm0001171
572,tt0001381,nm0000315
573,tt0001382,nm0000964
574,tt0001382,nm0001440
575,tt0001382,nm0000422
576,tt0001382,nm0000975
577,tt0001382,nm0001326
578,tt0001382,nm0000911
579,tt0001386,nm0000840
580,tt0001386,nm0000602
581,tt0001386,nm0001235
582,tt0001386,nm0000961
583,tt0001386,nm0001457
584,tt0001386,nm0000020
585,tt0001422,nm0001277
586,tt0001422,nm0000216
587,tt0001422,nm0001174
588,tt0001422,nm0000781
589,tt0001422,nm0000178
590,tt0001422,nm0001205
591,tt0001422,nm0001239
592,tt0001422,nm0000431
593,tt0001422,nm0000058
594,tt0001422,nm0000556
595,tt0001440,nm0001380
596,tt0001440,nm0001184
597,tt0001440,nm0000988
598,tt0001440,nm0000481
599,tt0001440,nm0000984
600,tt0001440,nm0001177
601,tt0001440,nm0000679
602,tt0001440,nm0001067
603,tt0001440,nm0001276
604,tt0001465,nm0001202
605,tt0001465,nm0000721
606,tt0001465,nm0001248
607,tt0001465,nm0000168
608,tt0001465,nm0001500
609,tt0001465,nm0001474
610,tt0001465,nm0000428
611,tt0001465,nm0000276
612,tt0001465,nm0001497
613,tt0001465,nm0000597
614,tt0001475,nm0000510
615,tt0001475,nm0001472
616,tt0001475,nm0000521
617,tt0001475,nm0000667
618,tt0001475,nm0000762
619,tt0001482,nm0001436
620,tt0001482,nm0000961
621,tt0001482,nm0001089
622,tt0001482,nm0000354
623,tt0001482,nm0000968
624,tt0001482,nm0000960
625,tt0001482,nm0000839
626,tt0001482,nm0000594
627,tt0001495,nm0000852
628,tt0001495,nm0000399
629,tt0001495,nm0000940
630,tt0001495,nm0000943
631,tt0001495,nm0000856
632,tt0001495,nm0001223
633,tt0001495,nm0000523
634,tt0001495,nm0000741
635,tt0001495,nm0000975
636,tt0001498,nm0000416
637,tt0001498,nm0000879
638,tt0001498,nm0000903
639,tt0001498,nm0000162
640,tt0001498,nm0000301
641,tt0001498,nm0001339
642,tt0001498,nm0000595
643,tt0001498,nm0000144
644,tt0001515,nm0001486
645,tt0001515,nm0001120
646,tt0001515,nm0001368
647,tt0001515,nm0000969
648,tt0001515,nm0000351
649,tt0001521,nm0001458
650,tt0001521,nm0001373
651,tt0001521,nm0000220
652,tt0001521,nm0001018
653,tt0001521,nm0000820
654,tt0001530,nm0000129
655,tt0001530,nm0000462
656,tt0001530,nm0001469
657,tt0001530,nm0000656
658,tt0001530,nm0001065
659,tt0001530,nm0000546
660,tt0001530,nm0001068
661,tt0001530,nm0000616
662,tt0001530,nm0001108
663,tt0001531,nm0000905
664,tt0001531,nm0000314
665,tt0001531,nm0000445
666,tt0001531,nm0000863
667,tt0001531,nm0000627
668,tt0001531,nm0001079
669,tt0001555,nm0000625
670,tt0001555,nm0000504
671,tt0001555,nm0001013
672,tt0001555,nm0000196
673,tt0001555,nm0000152
674,tt0001555,nm0000773
675,tt0001555,nm0001342
676,tt0001555,nm0001428
677,tt0001555,nm0001415
678,tt0001555,nm0001150
679,tt0001569,nm0000064
680,tt0001569,nm0000534
681,tt0001569,nm0001015
682,tt0001569,nm0000889
683,tt0001569,nm0000307
684,tt0001569,nm0001022
685,tt0001569,nm0001036
686,tt0001569,nm0001028
687,tt0001569,nm0001052
688,tt0001573,nm0000855
689,tt0001573,nm0000447
690,tt0001573,nm0001417
691,tt0001573,nm0001475
692,tt0001573,nm0000868
693,tt0001580,nm0001064
694,tt0001580,nm0001309
695,tt0001580,nm0001411
696,tt0001580,nm0000067
697,tt0001580,nm0000230
698,tt0001580,nm0000883
699,tt0001580,nm0000437
700,tt0001586,nm0000718
701,tt0001586,nm0000423
702,tt0001586,nm0001477
703,tt0001586,nm0001317
704,tt0001586,nm0001064
705,tt0001587,nm0001179
706,tt0001587,nm0000640
707,tt0001587,nm0000425
708,tt0001587,nm0000167
709,tt0001587,nm0001312
710,tt0001587,nm0001058
711,tt0001587,nm0000103
712,tt0001587,nm0000047
713,tt0001587,nm0000859
714,tt0001587,nm0001471
715,tt0001592,nm0001232
716,tt0001592,nm0001470
717,tt0001592,nm0000395
718,tt0001592,nm0000386
719,tt0001592,nm0001225
720,tt0001602,nm0000406
721,tt0001602,nm0000979
722,tt0001602,nm0000743
723,tt0001602,nm0001374
724,tt0001602,nm0001432
725,tt0001602,nm0000618
726,tt0001602,nm0000986
727,tt0001602,nm0000373
728,tt0001603,nm0000394
729,tt0001603,nm0000086
730,tt0001603,nm0001235
731,tt0001603,nm0000961
732,tt0001603,nm0001282
733,tt0001604,nm0000532
734,tt0001604,nm0000705
735,tt0001604,nm0000424
736,tt0001604,nm0001487
737,tt0001604,nm0001189
738,tt0001604,nm0000518
739,tt0001610,nm0000849
740,tt0001610,nm0000068
741,tt0001610,nm0001081
742,tt0001610,nm0001028
743,tt0001610,nm0001150
744,tt0001610,nm0000756
745,tt0001610,nm0001235
746,tt0001610,nm0001004
747,tt0001611,nm0001243
748,tt0001611,nm0000267
749,tt0001611,nm0000339
750,tt0001611,nm0001435
751,tt0001611,nm0001447
752,tt0001611,nm0001318
753,tt0001611,nm0001245
754,tt0001612,nm0000162
755,tt0001612,nm0001326
756,tt0001612,nm0000193
757,tt0001612,nm0000492
758,tt0001612,nm0000014
759,tt0001612,nm0000143
760,tt0001612,nm0000356
761,tt0001612,nm0000296
762,tt0001612,nm0000438
763,tt0001612,nm0000282
764,tt0001628,nm0000758
765,tt0001628,nm0000745
766,tt0001628,nm0000309
767,tt0001628,nm0000463
768,tt0001628,nm0000736
769,tt0001628,nm0001404
770,tt0001628,nm0000847
771,tt0001628,nm0000983
772,tt0001628,nm0001051
773,tt0001630,nm0000268
774,tt0001630,nm0000407
775,tt0001630,nm0001214
776,tt0001630,nm0001436
777,tt0001630,nm0000507
778,tt0001630,nm0001405
779,tt0001630,nm0001018
780,tt0001648,nm0000126
781,tt0001648,nm0001181
782,tt0001648,nm0001193
783,tt0001648,nm0000193
784,tt0001648,nm0000226
785,tt0001648,nm0001055
786,tt0001648,nm0000464
787,tt0001692,nm0001172
788,tt0001692,nm0000244
789,tt0001692,nm0001134
790,tt0001692,nm0000103
791,tt0001692,nm0000886
792,tt0001692,nm0000589
793,tt0001692,nm0001121
794,tt0001692,nm0000047
795,tt0001692,nm0000273
796,tt0001692,nm0001225
797,tt0001706,nm0001106
798,tt0001706,nm0000813
799,tt0001706,nm0000480
800,tt0001706,nm0001312
801,tt0001706,nm0000581
802,tt0001706,nm0001102
803,tt0001706,nm0000942
804,tt0001706,nm0001468
805,tt0001711,nm0000430
806,tt0001711,nm0001339
807,tt0001711,nm0000100
808,tt0001711,nm0000754
809,tt0001711,nm0000323
810,tt0001711,nm0001218
811,tt0001711,nm0000114
812,tt0001712,nm0000386
813,tt0001712,nm0000274
814,tt0001712,nm0001308
815,tt0001712,nm0000931
816,tt0001712,nm0000458
817,tt0001712,nm0001203
818,tt0001712,nm0001193
819,tt0001716,nm0000647
820,tt0001716,nm0000790
821,tt0001716,nm0000305
822,tt0001716,nm0000129
823,tt0001716,nm0000317
824,tt0001716,nm0001251
825,tt0001731,nm0000892
826,tt0001731,nm0000649
827,tt0001731,nm0000222
828,tt0001731,nm0001422
829,tt0001731,nm0000500
830,tt0001731,nm0001406
831,tt0001731,nm0000795
832,tt0001731,nm0000879
833,tt0001731,nm0000426
834,tt0001731,nm0000380
835,tt0001756,nm0000238
836,tt0001756,nm0000996
837,tt0001756,nm0000581
838,tt0001756,nm0000836
839,tt0001756,nm0000550
840,tt0001756,nm0000598
841,tt0001764,nm0000104
842,tt0001764,nm0000851
843,tt0001764,nm0000619
844,tt0001764,nm0000977
845,tt0001764,nm0000936
846,tt0001764,nm0000546
847,tt0001764,nm0001443
848,tt0001764,nm0000600
849,tt0001764,nm0001126
850,tt0001778,nm0000386
851,tt0001778,nm0001445
852,tt0001778,nm0000363
853,tt0001778,nm0001292
854,tt0001778,nm0000801
855,tt0001778,nm0000320
856,tt0001778,nm0000225
857,tt0001780,nm0001193
858,tt0001780,nm0000499
859,tt0001780,nm0000409
860,tt0001780,nm0000053
861,tt0001780,nm0001290
862,tt0001785,nm0001363
863,tt0001785,nm0001390
864,tt0001785,nm0000115
865,tt0001785,nm0001306
866,tt0001785,nm0000200
867,tt0001785,nm0000248
868,tt0001785,nm0001425
869,tt0001790,nm0000321
870,tt0001790,nm0000757
871,tt0001790,nm0000656
872,tt0001790,nm0001120
873,tt0001790,nm0000665
874,tt0001790,nm0001415
875,tt0001790,nm0000252
876,tt0001790,nm0001304
877,tt0001803,nm0000442
878,tt0001803,nm0000782
879,tt0001803,nm0000564
880,tt0001803,nm0000203
881,tt0001803,nm0000598
882,tt0001812,nm0001164
883,tt0001812,nm0000478
884,tt0001812,nm0000216
885,tt0001812,nm0001118
886,tt0001812,nm0000477
887,tt0001812,nm0001129
888,tt0001812,nm0001071
889,tt0001812,nm0000429
890,tt0001812,nm0000930
891,tt0001826,nm0000740
892,tt0001826,nm0000708
893,tt0001826,nm0000326
894,tt0001826,nm0001243
895,tt0001826,nm0001177
896,tt0001826,nm0000643
897,tt0001826,nm0000366
898,tt0001826,nm0000931
899,tt0001826,nm0000642
900,tt0001826,nm0000376
901,tt0001845,nm0001061
902,tt0001845,nm0000138
903,tt0001845,nm0001289
904,tt0001845,nm0000196
905,tt0001845,nm0001099
906,tt0001845,nm0000769
907,tt0001889,nm0000909
908,tt0001889,nm0000574
909,tt0001889,nm0000518
910,tt0001889,nm0000201
911,tt0001889,nm0001103
912,tt0001889,nm0000671
913,tt0001889,nm0000192
914,tt0001889,nm0001049
915,tt0001892,nm0000098
916,tt0001892,nm0000111
917,tt0001892,nm0000919
918,tt0001892,nm0000574
919,tt0001892,nm0000727
920,tt0001892,nm0000247
921,tt0001892,nm0001162
922,tt0001895,nm0000620
923,tt0001895,nm0001165
924,tt0001895,nm0000020
925,tt0001895,nm0001448
926,tt0001895,nm0000793
927,tt0001895,nm0000158
928,tt0001895,nm0001247
929,tt0001895,nm0000691
930,tt0001895,nm0001208
931,tt0001895,nm0001149
932,tt0001911,nm0001123
933,tt0001911,nm0000008
934,tt0001911,nm0000853
935,tt0001911,nm0000818
936,tt0001911,nm0000201
937,tt0001911,nm0000325
938,tt0001914,nm0000484
939,tt0001914,nm0000668
940,tt0001914,nm0000913
941,tt0001914,nm0000192
942,tt0001914,nm0000876
943,tt0001914,nm0000039
944,tt0001914,nm0001197
945,tt0001914,nm0000488
946,tt0001920,nm0001279
947,tt0001920,nm0001258
948,tt0001920,nm0000279
949,tt0001920,nm0000837
950,tt0001920,nm0000844
951,tt0001920,nm0001317
952,tt0001964,nm0000156
953,tt0001964,nm0000510
954,tt0001964,nm0000878
955,tt0001964,nm0000682
956,tt0001964,nm0000636
957,tt0001965,nm0001021
958,tt0001965,nm0001268
959,tt0001965,nm0001085
960,tt0001965,nm0000803
961,tt0001965,nm0001009
962,tt0001965,nm0000797
963,tt0001965,nm0000976
964,tt0001965,nm0001312
965,tt0001992,nm0000157
966,tt0001992,nm0001198
967,tt0001992,nm0000156
968,tt0001992,nm0001447
969,tt0001992,nm0001336
970,tt0001992,nm0000153
971,tt0001992,nm0000527
972,tt0001992,nm0001166
973,tt0001992,nm0001059
974,tt0001992,nm0000860
975,tt0001993,nm0001280
976,tt0001993,nm0001015
977,tt0001993,nm0000491
978,tt0001993,nm0000524
979,tt0001993,nm0000789
980,tt0001993,nm0001388
981,tt0001993,nm0000485
982,tt0001998,nm0000453
983,tt0001998,nm0000888
984,tt0001998,nm0001439
985,tt0001998,nm0001305
986,tt0001998,nm0000031
987,tt0001998,nm0000800
988,tt0001998,nm0000222
989,tt0001999,nm0000820
990,tt0001999,nm0001199
991,tt0001999,nm0001078
992,tt0001999,nm0001134
993,tt0001999,nm0000076
994,tt0001999,nm0000900
995,tt0001999,nm0001205
996,tt0001999,nm0001114
997,tt0001999,nm0001345
998,tt0001999,nm0000315
999,tt0002001,nm0000638
1000,tt0002001,nm0000567
1001,tt0002001,nm0000552
1002,tt0002001,nm0000121
1003,tt0002001,nm0000016
1004,tt0002001,nm0000303
1005,tt0002001,nm0000572
1006,tt0002019,nm0000456
1007,tt0002019,nm0001424
1008,tt0002019,nm0000313
1009,tt0002019,nm0000647
1010,tt0002019,nm0000349
1011,tt0002019,nm0000029
1012,tt0002019,nm0000235
1013,tt0002019,nm0001094
1014,tt0002019,nm0001462
1015,tt0002022,nm0000577
1016,tt0002022,nm0001322
1017,tt0002022,nm0000485
1018,tt0002022,nm0001295
1019,tt0002022,nm0000385
1020,tt0002026,nm0000767
1021,tt0002026,nm0000241
1022,tt0002026,nm0001044
1023,tt0002026,nm0001140
1024,tt0002026,nm0000177
1025,tt0002026,nm0000934
1026,tt0002026,nm0001157
1027,tt0002026,nm0001444
1028,tt0002031,nm0000793
1029,tt0002031,nm0000145
1030,tt0002031,nm0001500
1031,tt0002031,nm0001232
1032,tt0002031,nm0001330
1033,tt0002039,nm0001157
1034,tt0002039,nm0000745
1035,tt0002039,nm0001158
1036,tt0002039,nm0000728
1037,tt0002039,nm0001004
1038,tt0002039,nm0001202
1039,tt0002040,nm0001058
1040,tt0002040,nm0000022
1041,tt0002040,nm0001447
1042,tt0002040,nm0000653
1043,tt0002040,nm0000129
1044,tt0002040,nm0000099
1045,tt0002040,nm0000856
1046,tt0002040,nm0000544
1047,tt0002044,nm0000916
1048,tt0002044,nm0000807
1049,tt0002044,nm0001283
1050,tt0002044,nm0000857
1051,tt0002044,nm0000271
1052,tt0002046,nm0001030
1053,tt0002046,nm0000863
1054,tt0002046,nm0000292
1055,tt0002046,nm0000746
1056,tt0002046,nm0000451
1057,tt0002046,nm0000843
1058,tt0002046,nm0001179
1059,tt0002047,nm0001166
1060,tt0002047,nm0000295
1061,tt0002047,nm0001010
1062,tt0002047,nm0000129
1063,tt0002047,nm0001315
1064,tt0002047,nm0000089
1065,tt0002047,nm0000772
1066,tt0002047,nm0000233
1067,tt0002060,nm0000714
1068,tt0002060,nm0001486
1069,tt0002060,nm0001276
1070,tt0002060,nm0000448
1071,tt0002060,nm0000297
1072,tt0002060,nm0000024
1073,tt0002060,nm0001051
1074,tt0002088,nm0000357
1075,tt0002088,nm0000820
1076,tt0002088,nm0001032
1077,tt0002088,nm0001077
1078,tt0002088,nm0000050
1079,tt0002088,nm0000607
1080,tt0002088,nm0000784
1081,tt0002088,nm0000512
1082,tt0002089,nm0000333
1083,tt0002089,nm0001305
1084,tt0002089,nm0000644
1085,tt0002089,nm0000614
1086,tt0002089,nm0001170
1087,tt0002089,nm0001386
1088,tt0002089,nm0000649
1089,tt0002089,nm0000813
1090,tt0002094,nm0000676
1091,tt0002094,nm0001455
1092,tt0002094,nm0000915
1093,tt0002094,nm0000732
1094,tt0002094,nm0000130
1095,tt0002094,nm0000551
1096,tt0002094,nm0000975
1097,tt0002094,nm0000015
1098,tt0002101,nm0001341
1099,tt0002101,nm0000434
1100,tt0002101,nm0000390
1101,tt0002101,nm0001044
1102,tt0002101,nm0001020
1103,tt0002101,nm0000966
1104,tt0002101,nm0000192
1105,tt0002101,nm0000811
1106,tt0002101,nm0000992
1107,tt0002102,nm0001229
1108,tt0002102,nm0000623
1109,tt0002102,nm0001205
1110,tt0002102,nm0001309
1111,tt0002102,nm0001278
1112,tt0002109,nm0001054
1113,tt0002109,nm0000378
1114,tt0002109,nm0000796
1115,tt0002109,nm0000327
1116,tt0002109,nm0000611
1117,tt0002112,nm0000412
1118,tt0002112,nm0001041
1119,tt0002112,nm0000843
1120,tt0002112,nm0000660
1121,tt0002112,nm0000785
1122,tt0002112,nm0001246
1123,tt0002112,nm0000559
1124,tt0002112,nm0001113
1125,tt0002112,nm0000385
1126,tt0002112,nm0000302
1127,tt0002115,nm0000668
1128,tt0002115,nm0001008
1129,tt0002115,nm0000892
1130,tt0002115,nm0000554
1131,tt0002115,nm0000202
1132,tt0002115,nm0000122
1133,tt0002115,nm0000877
1134,tt0002115,nm0000210
1135,tt0002115,nm0000912
1136,tt0002119,nm0001168
1137,tt0002119,nm0000338
1138,tt0002119,nm0001165
1139,tt0002119,nm0000951
1140,tt0002119,nm0000606
1141,tt0002119,nm0000522
1142,tt0002130,nm0000084
1143,tt0002130,nm0001371
1144,tt0002130,nm0000068
1145,tt0002130,nm0001077
1146,tt0002130,nm0000510
1147,tt0002130,nm0001089
1148,tt0002130,nm0001450
1149,tt0002130,nm0000367
1150,tt0002130,nm0000743
1151,tt0002130,nm0000823
1152,tt0002131,nm0001049
1153,tt0002131,nm0000176
1154,tt0002131,nm0000124
1155,tt0002131,nm0000191
1156,tt0002131,nm0000676
1157,tt0002131,nm0001180
1158,tt0002131,nm0001192
1159,tt0002131,nm0001431
1160,tt0002131,nm0000093
1161,tt0002140,nm0001057
1162,tt0002140,nm0000206
1163,tt0002140,nm0001412
1164,tt0002140,nm0000260
1165,tt0002140,nm0001180
1166,tt0002140,nm0000511
1167,tt0002140,nm0000492
1168,tt0002140,nm0000218
1169,tt0002152,nm0000295
1170,tt0002152,nm0000284
1171,tt0002152,nm0000951
1172,tt0002152,nm0000231
1173,tt0002152,nm0001091
1174,tt0002152,nm0001349
1175,tt0002152,nm0000166
1176,tt0002152,nm0000012
1177,tt0002153,nm0000044
1178,tt0002153,nm0000381
1179,tt0002153,nm0000770
1180,tt0002153,nm0001311
1181,tt0002153,nm0001361
1182,tt0002153,nm0000909
1183,tt0002156,nm0000611
1184,tt0002156,nm0000910
1185,tt0002156,nm0001136
1186,tt0002156,nm0000196
1187,tt0002156,nm0001103
1188,tt0002156,nm0000922
1189,tt0002157,nm0001072
1190,tt0002157,nm0000604
1191,tt0002157,nm0001037
1192,tt0002157,nm0000569
1193,tt0002157,nm0001279
1194,tt0002157,nm0000495
1195,tt0002157,nm0001206
1196,tt0002161,nm0000084
1197,tt0002161,nm0001283
1198,tt0002161,nm0000856
1199,tt0002161,nm0000396
1200,tt0002161,nm0001173
1201,tt0002161,nm0000275
1202,tt0002161,nm0000050
1203,tt0002161,nm0000812
1204,tt0002161,nm0000784
1205,tt0002163,nm0001491
1206,tt0002163,nm0001167
1207,tt0002163,nm0000466
1208,tt0002163,nm0000479
1209,tt0002163,nm0000223
1210,tt0002163,nm0001383
1211,tt0002163,nm0000391
1212,tt0002163,nm0001270
1213,tt0002163,nm0001022
1214,tt0002165,nm0000527
1215,tt0002165,nm0001448
1216,tt0002165,nm0000872
1217,tt0002165,nm0000008
1218,tt0002165,nm0000235
1219,tt0002165,nm0001030
1220,tt0002167,nm0000060
1221,tt0002167,nm0000504
1222,tt0002167,nm0001300
1223,tt0002167,nm0001296
1224,tt0002167,nm0000417
1225,tt0002167,nm0001035
1226,tt0002167,nm0001126
1227,tt0002167,nm0000739
1228,tt0002167,nm0000787
1229,tt0002180,nm0001295
1230,tt0002180,nm0000887
1231,tt0002180,nm0000235
1232,tt0002180,nm0000529
1233,tt0002180,nm0001287
1234,tt0002186,nm0000420
1235,tt0002186,nm0000505
1236,tt0002186,nm0000744
1237,tt0002186,nm0000062
1238,tt0002186,nm0000495
1239,tt0002188,nm0001042
1240,tt0002188,nm0000322
1241,tt0002188,nm0000753
1242,tt0002188,nm0000575
1243,tt0002188,nm0001277
1244,tt0002188,nm0001044
1245,tt0002188,nm0000816
1246,tt0002188,nm0000529
1247,tt0002188,nm0000973
1248,tt0002188,nm0000260
1249,tt0002199,nm0001418
1250,tt0002199,nm0001239
1251,tt0002199,nm0000700
1252,tt0002199,nm0000512
1253,tt0002199,nm0000255
1254,tt0002202,nm0000412
1255,tt0002202,nm0001493
1256,tt0002202,nm0001057
1257,tt0002202,nm0001397
1258,tt0002202,nm0001247
1259,tt0002202,nm0001354
1260,tt0002211,nm0000371
1261,tt0002211,nm0000610
1262,tt0002211,nm0000521
1263,tt0002211,nm0000428
1264,tt0002211,nm0001084
1265,tt0002220,nm0001177
1266,tt0002220,nm0000879
1267,tt0002220,nm0000548
1268,tt0002220,nm0000849
1269,tt0002220,nm0001358
1270,tt0002220,nm0000134
1271,tt0002220,nm0000735
1272,tt0002220,nm0000273
1273,tt0002220,nm0000361
1274,tt0002220,nm0000621
1275,tt0002234,nm0000360
1276,tt0002234,nm0001100
1277,tt0002234,nm0001293
1278,tt0002234,nm0001009
1279,tt0002234,nm0000353
1280,tt0002234,nm0000430
1281,tt0002234,nm0000268
1282,tt0002234,nm0000550
1283,tt0002234,nm0000897
1284,tt0002234,nm0000337
1285,tt0002239,nm0001496
1286,tt0002239,nm0000698
1287,tt0002239,nm0000468
1288,tt0002239,nm0001028
1289,tt0002239,nm0000450
1290,tt0002239,nm0000889
1291,tt0002242,nm0000224
1292,tt0002242,nm0000155
1293,tt0002242,nm0000729
1294,tt0002242,nm0000330
1295,tt0002242,nm0001387
1296,tt0002242,nm0000154
1297,tt0002242,nm0000833
1298,tt0002242,nm0000462
1299,tt0002242,nm0000336
1300,tt0002262,nm0001025
1301,tt0002262,nm0001452
1302,tt0002262,nm0000984
1303,tt0002262,nm0001294
1304,tt0002262,nm0000246
1305,tt0002262,nm0000459
1306,tt0002262,nm0001347
1307,tt0002262,nm0001006
1308,tt0002276,nm0000779
1309,tt0002276,nm0001462
1310,tt0002276,nm0000617
1311,tt0002276,nm0001356
1312,tt0002276,nm0001236
1313,tt0002276,nm0001302
1314,tt0002276,nm0000776
1315,tt0002276,nm0001036
1316,tt0002276,nm0000347
1317,tt0002286,nm0001113
1318,tt0002286,nm0000547
1319,tt0002286,nm0001014
1320,tt0002286,nm0001474
1321,tt0002286,nm0001222
1322,tt0002286,nm0001155
1323,tt0002286,nm0000122
1324,tt0002286,nm0000345
1325,tt0002286,nm0000025
1326,tt0002292,nm0000231
1327,tt0002292,nm0000238
1328,tt0002292,nm0001329
1329,tt0002292,nm0000590
1330,tt0002292,nm0000809
1331,tt0002292,nm0000848
1332,tt0002292,nm0000034
1333,tt0002301,nm0001354
1334,tt0002301,nm0000267
1335,tt0002301,nm0001334
1336,tt0002301,nm0001394
1337,tt0002301,nm0000665
1338,tt0002301,nm0001014
1339,tt0002301,nm0000159
1340,tt0002301,nm0001243
1341,tt0002305,nm0001152
1342,tt0002305,nm0000264
1343,tt0002305,nm0000062
1344,tt0002305,nm0000288
1345,tt0002305,nm0000720
1346,tt0002305,nm0000368
1347,tt0002305,nm0001309
1348,tt0002305,nm0000013
1349,tt0002315,nm0001308
1350,tt0002315,nm0000043
1351,tt0002315,nm0001489
1352,tt0002315,nm0001418
1353,tt0002315,nm0001474
1354,tt0002315,nm0001240
1355,tt0002328,nm0001466
1356,tt0002328,nm0000096
1357,tt0002328,nm0000917
1358,tt0002328,nm0000432
1359,tt0002328,nm0000339
1360,tt0002328,nm0001339
1361,tt0002329,nm0000086
1362,tt0002329,nm0000313
1363,tt0002329,nm0000849
1364,tt0002329,nm0001217
1365,tt0002329,nm0000714
1366,tt0002329,nm0000922
1367,tt0002329,nm0000403
1368,tt0002333,nm0001017
1369,tt0002333,nm0001136
1370,tt0002333,nm0000675
1371,tt0002333,nm0000479
1372,tt0002333,nm0000731
1373,tt0002333,nm0001102
1374,tt0002333,nm0000413
1375,tt0002335,nm0000829
1376,tt0002335,nm0000072
1377,tt0002335,nm0000787
1378,tt0002335,nm0000776
1379,tt0002335,nm0001323
1380,tt0002335,nm0000182
1381,tt0002335,nm0001002
1382,tt0002335,nm0000870
1383,tt0002335,nm0001459
1384,tt0002335,nm0000487
1385,tt0002337,nm0001223
1386,tt0002337,nm0000276
1387,tt0002337,nm0000846
1388,tt0002337,nm0000720
1389,tt0002337,nm0001405
1390,tt0002337,nm0000273
1391,tt0002337,nm0000485
1392,tt0002337,nm0000689
1393,tt0002345,nm0001486
1394,tt0002345,nm0000875
1395,tt0002345,nm0001111
1396,tt0002345,nm0000797
1397,tt0002345,nm0001393
1398,tt0002345,nm0001180
1399,tt0002345,nm0001385
1400,tt0002345,nm0000175
1401,tt0002345,nm0001388
1402,tt0002348,nm0000227
1403,tt0002348,nm0000061
1404,tt0002348,nm0000747
1405,tt0002348,nm0001308
1406,tt0002348,nm0001354
1407,tt0002348,nm0000803
1408,tt0002348,nm0001197
1409,tt0002348,nm0001127
1410,tt0002348,nm0001337
1411,tt0002348,nm0001034
1412,tt0002361,nm0000647
1413,tt0002361,nm0000878
1414,tt0002361,nm0000694
1415,tt0002361,nm0000548
1416,tt0002361,nm0000802
1417,tt0002361,nm0000348
1418,tt0002361,nm0001232
1419,tt0002361,nm0000147
1420,tt0002361,nm0001060
1421,tt0002362,nm0000191
1422,tt0002362,nm0000813
1423,tt0002362,nm0001335
1424,tt0002362,nm0001084
1425,tt0002362,nm0001291
1426,tt0002373,nm0000054
1427,tt0002373,nm0000993
1428,tt0002373,nm0001295
1429,tt0002373,nm0001002
1430,tt0002373,nm0001452
1431,tt0002373,nm0000087
1432,tt0002373,nm0000725
1433,tt0002373,nm0001006
1434,tt0002373,nm0001408
1435,tt0002373,nm0000869
1436,tt0002375,nm0000438
1437,tt0002375,nm0000659
1438,tt0002375,nm0001243
1439,tt0002375,nm0000778
1440,tt0002375,nm0000589
1441,tt0002375,nm0000582
1442,tt0002395,nm0000661
1443,tt0002395,nm0000742
1444,tt0002395,nm0000001
1445,tt0002395,nm0001249
1446,tt0002395,nm0000999
1447,tt0002395,nm0000181
1448,tt0002405,nm0000408
1449,tt0002405,nm0000977
1450,tt0002405,nm0001226
1451,tt0002405,nm0000182
1452,tt0002405,nm0000588
1453,tt0002405,nm0001223
1454,tt0002405,nm0001482
1455,tt0002405,nm0000245
1456,tt0002406,nm0000679
1457,tt0002406,nm0000680
1458,tt0002406,nm0000262
1459,tt0002406,nm0000867
1460,tt0002406,nm0000969
1461,tt0002406,nm0000607
1462,tt0002406,nm0000722
1463,tt0002406,nm0000306
1464,tt0002410,nm0001435
1465,tt0002410,nm0000798
1466,tt0002410,nm0001294
1467,tt0002410,nm0001219
1468,tt0002410,nm0000844
1469,tt0002410,nm0001136
1470,tt0002410,nm0000333
1471,tt0002410,nm0001005
1472,tt0002410,nm0000318
1473,tt0002423,nm0000069
1474,tt0002423,nm0001228
1475,tt0002423,nm0001438
1476,tt0002423,nm0000915
1477,tt0002423,nm0000227
1478,tt0002425,nm0001397
1479,tt0002425,nm0000717
1480,tt0002425,nm0000234
1481,tt0002425,nm0000410
1482,tt0002425,nm0001273
1483,tt0002425,nm0000941
1484,tt0002425,nm0000993
1485,tt0002431,nm0000979
1486,tt0002431,nm0000506
1487,tt0002431,nm0000007
1488,tt0002431,nm0001215
1489,tt0002431,nm0000121
1490,tt0002431,nm0000768
1491,tt0002432,nm0000678
1492,tt0002432,nm0000800
1493,tt0002432,nm0001033
1494,tt0002432,nm0000599
1495,tt0002432,nm0000886
1496,tt0002432,nm0000706
1497,tt0002432,nm0000279
1498,tt0002438,nm0000691
1499,tt0002438,nm0000955
1500,tt0002438,nm0001032
1501,tt0002438,nm0000793
1502,tt0002438,nm0000305
1503,tt0002438,nm0001239
1504,tt0002438,nm0000354
1505,tt0002438,nm0000382
1506,tt0002438,nm0000673
1507,tt0002438,nm0001473
1508,tt0002439,nm0001047
1509,tt0002439,nm0001330
1510,tt0002439,nm0001297
1511,tt0002439,nm0000220
1512,tt0002439,nm0000184
1513,tt0002439,nm0000936
1514,tt0002444,nm0000696
1515,tt0002444,nm0000646
1516,tt0002444,nm0000092
1517,tt0002444,nm0000103
1518,tt0002444,nm0001156
1519,tt0002444,nm0000714
1520,tt0002444,nm0000070
1521,tt0002444,nm0000643
1522,tt0002444,nm0000327
1523,tt0002444,nm0000117
1524,tt0002445,nm0000842
1525,tt0002445,nm0000377
1526,tt0002445,nm0000429
1527,tt0002445,nm0000577
1528,tt0002445,nm0000385
1529,tt0002445,nm0001163
1530,tt0002446,nm0001414
1531,tt0002446,nm0000135
1532,tt0002446,nm0000410
1533,tt0002446,nm0001469
1534,tt0002446,nm0001382
1535,tt0002452,nm0000198
1536,tt0002452,nm0000160
1537,tt0002452,nm0001312
1538,tt0002452,nm0000620
1539,tt0002452,nm0000255
1540,tt0002458,nm0001474
1541,tt0002458,nm0000711
1542,tt0002458,nm0000886
1543,tt0002458,nm0000467
1544,tt0002458,nm0000406
1545,tt0002458,nm0001440
1546,tt0002458,nm0000969
1547,tt0002458,nm0000476
1548,tt0002458,nm0000382
1549,tt0002458,nm0000276
1550,tt0002459,nm0001502
1551,tt0002459,nm0000805
1552,tt0002459,nm0001470
1553,tt0002459,nm0000612
1554,tt0002459,nm0001114
1555,tt0002459,nm0000365
1556,tt0002459,nm0000309
1557,tt0002461,nm0000177
1558,tt0002461,nm0001161
1559,tt0002461,nm0000544
1560,tt0002461,nm0000734
1561,tt0002461,nm0000464
1562,tt0002461,nm0001211
1563,tt0002461,nm0000357
1564,tt0002461,nm0000383
1565,tt0002467,nm0000673
1566,tt0002467,nm0000299
1567,tt0002467,nm0000024
1568,tt0002467,nm0001107
1569,tt0002467,nm0000212
1570,tt0002474,nm0001275
1571,tt0002474,nm0001381
1572,tt0002474,nm0001259
1573,tt0002474,nm0000528
1574,tt0002474,nm0000608
1575,tt0002474,nm0000179
1576,tt0002474,nm0000914
1577,tt0002474,nm0000505
1578,tt0002474,nm0000848
1579,tt0002479,nm0000620
1580,tt0002479,nm0000025
1581,tt0002479,nm0000261
1582,tt0002479,nm0000120
1583,tt0002479,nm0001337
1584,tt0002479,nm0001351
1585,tt0002479,nm0000906
1586,tt0002483,nm0000259
1587,tt0002483,nm0000988
1588,tt0002483,nm0000133
1589,tt0002483,nm0000090
1590,tt0002483,nm0000901
1591,tt0002483,nm0001266
1592,tt0002491,nm0001370
1593,tt0002491,nm0000674
1594,tt0002491,nm0001289
1595,tt0002491,nm0000531
1596,tt0002491,nm0000201
1597,tt0002491,nm0001406
1598,tt0002514,nm0000800
1599,tt0002514,nm0000583
1600,tt0002514,nm0000624
1601,tt0002514,nm0001251
1602,tt0002514,nm0000794
1603,tt0002517,nm0000149
1604,tt0002517,nm0000614
1605,tt0002517,nm0001065
1606,tt0002517,nm0000300
1607,tt0002517,nm0000331
1608,tt0002517,nm0000918
1609,tt0002517,nm0001274
1610,tt0002517,nm0000343
1611,tt0002517,nm0000397
1612,tt0002517,nm0000806
1613,tt0002525,nm0000057
1614,tt0002525,nm0000389
1615,tt0002525,nm0000076
1616,tt0002525,nm0000610
1617,tt0002525,nm0000395
1618,tt0002525,nm0000128
1619,tt0002525,nm0001473
1620,tt0002525,nm0001014
1621,tt0002525,nm0000099
1622,tt0002540,nm0000341
1623,tt0002540,nm0000407
1624,tt0002540,nm0000124
1625,tt0002540,nm0001496
1626,tt0002540,nm0001305
1627,tt0002540,nm0001028
1628,tt0002544,nm0001041
1629,tt0002544,nm0000737
1630,tt0002544,nm0000616
1631,tt0002544,nm0000434
1632,tt0002544,nm0000821
1633,tt0002544,nm0000334
1634,tt0002544,nm0000203
1635,tt0002544,nm0000721
1636,tt0002549,nm0000557
1637,tt0002549,nm0001435
1638,tt0002549,nm0000963
1639,tt0002549,nm0001166
1640,tt0002549,nm0001113
1641,tt0002555,nm0000251
1642,tt0002555,nm0000802
1643,tt0002555,nm0000806
1644,tt0002555,nm0001283
1645,tt0002555,nm0000779
1646,tt0002555,nm0000234
1647,tt0002555,nm0001098
1648,tt0002555,nm0000526
1649,tt0002556,nm0000202
1650,tt0002556,nm0000773
1651,tt0002556,nm0000434
1652,tt0002556,nm0000804
1653,tt0002556,nm0000879
1654,tt0002556,nm0000173
1655,tt0002559,nm0000483
1656,tt0002559,nm0000703
1657,tt0002559,nm0000112
1658,tt0002559,nm0000730
1659,tt0002559,nm0000108
1660,tt0002572,nm0000986
1661,tt0002572,nm0000624
1662,tt0002572,nm0001253
1663,tt0002572,nm0000648
1664,tt0002572,nm0000786
1665,tt0002589,nm0000910
1666,tt0002589,nm0001394
1667,tt0002589,nm0000413
1668,tt0002589,nm0000402
1669,tt0002589,nm0000997
1670,tt0002589,nm0000752
1671,tt0002589,nm0000493
1672,tt0002589,nm0001132
1673,tt0002589,nm0000585
1674,tt0002590,nm0000341
1675,tt0002590,nm0000675
1676,tt0002590,nm0000487
1677,tt0002590,nm0000364
1678,tt0002590,nm0001355
1679,tt0002590,nm0000713
1680,tt0002590,nm0001315
1681,tt0002591,nm0000642
1682,tt0002591,nm0001384
1683,tt0002591,nm0000902
1684,tt0002591,nm0000356
1685,tt0002591,nm0000404
1686,tt0002591,nm0001468
1687,tt0002591,nm0000419
1688,tt0002591,nm0000613
1689,tt0002591,nm0001159
1690,tt0002594,nm0001230
1691,tt0002594,nm0001427
1692,tt0002594,nm0000848
1693,tt0002594,nm0000598
1694,tt0002594,nm0001271
1695,tt0002594,nm0001426
1696,tt0002594,nm0001170
1697,tt0002595,nm0000866
1698,tt0002595,nm0001443
1699,tt0002595,nm0000057
1700,tt0002595,nm0000710
1701,tt0002595,nm0001492
1702,tt0002595,nm0001028
1703,tt0002595,nm0000113
1704,tt0002602,nm0000054
1705,tt0002602,nm0000345
1706,tt0002602,nm0000777
1707,tt0002602,nm0001055
1708,tt0002602,nm0000394
1709,tt0002602,nm0000747
1710,tt0002602,nm0000459
1711,tt0002602,nm0000544
1712,tt0002602,nm0000491
1713,tt0002602,nm0000666
1714,tt0002605,nm0000495
1715,tt0002605,nm0000843
1716,tt0002605,nm0000929
1717,tt0002605,nm0001066
1718,tt0002605,nm0000418
1719,tt0002605,nm0000943
1720,tt0002605,nm0001210
1721,tt0002605,nm0001327
1722,tt0002605,nm0000805
1723,tt0002605,nm0000855
1724,tt0002624,nm0000871
1725,tt0002624,nm0001274
1726,tt0002624,nm0000050
1727,tt0002624,nm0000430
1728,tt0002624,nm0000656
1729,tt0002624,nm0000995
1730,tt0002624,nm0001030
1731,tt0002625,nm0000837
1732,tt0002625,nm0001287
1733,tt0002625,nm0001282
1734,tt0002625,nm0000733
1735,tt0002625,nm0001384
1736,tt0002625,nm0001404
1737,tt0002625,nm0000619
1738,tt0002625,nm0001306
1739,tt0002625,nm0001182
1740,tt0002628,nm0000537
1741,tt0002628,nm0000980
1742,tt0002628,nm0001155
1743,tt0002628,nm0000471
1744,tt0002628,nm0000409
1745,tt0002628,nm0000918
1746,tt0002628,nm0000523
1747,tt0002628,nm0000608
1748,tt0002628,nm0001350
1749,tt0002628,nm0000469
1750,tt0002637,nm0000813
1751,tt0002637,nm0001204
1752,tt0002637,nm0000189
1753,tt0002637,nm0001054
1754,tt0002637,nm0001296
1755,tt0002637,nm0001104
1756,tt0002637,nm0000979
1757,tt0002642,nm0001320
1758,tt0002642,nm0001350
1759,tt0002642,nm0001256
1760,tt0002642,nm0001272
1761,tt0002642,nm0000653
1762,tt0002642,nm0000053
1763,tt0002642,nm0000969
1764,tt0002642,nm0000512
1765,tt0002642,nm0000213
1766,tt0002642,nm0000866
1767,tt0002646,nm0001295
1768,tt0002646,nm0000533
1769,tt0002646,nm0001410
1770,tt0002646,nm0000671
1771,tt0002646,nm0000418
1772,tt0002646,nm0000859
1773,tt0002646,nm0001153
1774,tt0002646,nm0001179
1775,tt0002648,nm0000964
1776,tt0002648,nm0000152
1777,tt0002648,nm0000911
1778,tt0002648,nm0001005
1779,tt0002648,nm0000965
1780,tt0002648,nm0000078
1781,tt0002648,nm0000040
1782,tt0002649,nm0000099
1783,tt0002649,nm0001433
1784,tt0002649,nm0001361
1785,tt0002649,nm0001279
1786,tt0002649,nm0000015
1787,tt0002649,nm0000694
1788,tt0002649,nm0001135
1789,tt0002649,nm0000723
1790,tt0002649,nm0000003
1791,tt0002649,nm0001050
1792,tt0002660,nm0001361
1793,tt0002660,nm0000637
1794,tt0002660,nm0001311
1795,tt0002660,nm0000976
1796,tt0002660,nm0000902
1797,tt0002660,nm0001227
1798,tt0002661,nm0000218
1799,tt0002661,nm0001093
1800,tt0002661,nm0000358
1801,tt0002661,nm0000397
1802,tt0002661,nm0000068
1803,tt0002661,nm0001496
1804,tt0002665,nm0000099
1805,tt0002665,nm0000451
1806,tt0002665,nm0001448
1807,tt0002665,nm0000939
1808,tt0002665,nm0000444
1809,tt0002669,nm0001204
1810,tt0002669,nm0000018
1811,tt0002669,nm0000757
1812,tt0002669,nm0000010
1813,tt0002669,nm0000664
1814,tt0002669,nm0000709
1815,tt0002669,nm0000823
1816,tt0002669,nm0001462
1817,tt0002670,nm0001072
1818,tt0002670,nm0000789
1819,tt0002670,nm0000516
1820,tt0002670,nm0001075
1821,tt0002670,nm0000252
1822,tt0002670,nm0000912
1823,tt0002670,nm0000390
1824,tt0002670,nm0000225
1825,tt0002670,nm0000679
1826,tt0002670,nm0000621
1827,tt0002676,nm0000911
1828,tt0002676,nm0000802
1829,tt0002676,nm0000773
1830,tt0002676,nm0000937
1831,tt0002676,nm0000786
1832,tt0002676,nm0000477
1833,tt0002676,nm0000224
1834,tt0002678,nm0001261
1835,tt0002678,nm0001459
1836,tt0002678,nm0001032
1837,tt0002678,nm0001291
1838,tt0002678,nm0000222
1839,tt0002678,nm0000697
1840,tt0002678,nm0000117
1841,tt0002678,nm0000708
1842,tt0002678,nm0000675
1843,tt0002678,nm0000234
1844,tt0002679,nm0000437
1845,tt0002679,nm0000389
1846,tt0002679,nm0000623
1847,tt0002679,nm0001483
1848,tt0002679,nm0001179
1849,tt0002679,nm0000244
1850,tt0002679,nm0001486
1851,tt0002679,nm0001180
1852,tt0002683,nm0000683
1853,tt0002683,nm0001485
1854,tt0002683,nm0000382
1855,tt0002683,nm0000611
1856,tt0002683,nm0001413
1857,tt0002683,nm0000089
1858,tt0002683,nm0001245
1859,tt0002683,nm0000420
1860,tt0002683,nm0000537
1861,tt0002683,nm0001016
1862,tt0002685,nm0000500
1863,tt0002685,nm0000837
1864,tt0002685,nm0000014
1865,tt0002685,nm0001021
1866,tt0002685,nm0000931
1867,tt0002685,nm0000210
1868,tt0002685,nm0001038
1869,tt0002722,nm0000982
1870,tt0002722,nm0000662
1871,tt0002722,nm0000448
1872,tt0002722,nm0000335
1873,tt0002722,nm0001467
1874,tt0002722,nm0000725
1875,tt0002725,nm0000039
1876,tt0002725,nm0001315
1877,tt0002725,nm0001153
1878,tt0002725,nm0001052
1879,tt0002725,nm0000906
1880,tt0002725,nm0001384
1881,tt0002725,nm0001265
1882,tt0002727,nm0000221
1883,tt0002727,nm0000704
1884,tt0002727,nm0001470
1885,tt0002727,nm0001432
1886,tt0002727,nm0001171
1887,tt0002727,nm0001285
1888,tt0002727,nm0001370
1889,tt0002727,nm0000182
1890,tt0002735,nm0000620
1891,tt0002735,nm0000986
1892,tt0002735,nm0000852
1893,tt0002735,nm0000461
1894,tt0002735,nm0001482
1895,tt0002735,nm0001114
1896,tt0002735,nm0000129
1897,tt0002735,nm0000001
1898,tt0002735,nm0001455
1899,tt0002735,nm0000313
1900,tt0002736,nm0001112
1901,tt0002736,nm0000667
1902,tt0002736,nm0000713
1903,tt0002736,nm0000301
1904,tt0002736,nm0000593
1905,tt0002736,nm0000628
1906,tt0002736,nm0000712
1907,tt0002736,nm0001467
1908,tt0002736,nm0000512
1909,tt0002736,nm0001396
1910,tt0002739,nm0000381
1911,tt0002739,nm0000555
1912,tt0002739,nm0000650
1913,tt0002739,nm0001290
1914,tt0002739,nm0000532
1915,tt0002743,nm0000984
1916,tt0002743,nm0001372
1917,tt0002743,nm0000008
1918,tt0002743,nm0000979
1919,tt0002743,nm0000503
1920,tt0002743,nm0001017
1921,tt0002743,nm0001201
1922,tt0002743,nm0000037
1923,tt0002746,nm0000547
1924,tt0002746,nm0000198
1925,tt0002746,nm0000054
1926,tt0002746,nm0000672
1927,tt0002746,nm0000441
1928,tt0002746,nm0000081
1929,tt0002746,nm0001176
1930,tt0002746,nm0000583
1931,tt0002746,nm0000412
1932,tt0002746,nm0000632
1933,tt0002748,nm0001125
1934,tt0002748,nm0000270
1935,tt0002748,nm0001110
1936,tt0002748,nm0000858
1937,tt0002748,nm0000546
1938,tt0002748,nm0001014
1939,tt0002748,nm0001197
1940,tt0002748,nm0001288
1941,tt0002751,nm0001274
1942,tt0002751,nm0001064
1943,tt0002751,nm0000046
1944,tt0002751,nm0000234
1945,tt0002751,nm0001476
1946,tt0002751,nm0000494
1947,tt0002751,nm0000995
1948,tt0002751,nm0000442
1949,tt0002751,nm0000020
1950,tt0002763,nm0000809
1951,tt0002763,nm0000240
1952,tt0002763,nm0001022
1953,tt0002763,nm0001096
1954,tt0002763,nm0000918
1955,tt0002764,nm0001182
1956,tt0002764,nm0000834
1957,tt0002764,nm0000186
1958,tt0002764,nm0000067
1959,tt0002764,nm0000648
1960,tt0002765,nm0000864
1961,tt0002765,nm0001027
1962,tt0002765,nm0001480
1963,tt0002765,nm0000697
1964,tt0002765,nm0001245
1965,tt0002765,nm0000139
1966,tt0002765,nm0000303
1967,tt0002765,nm0001042
1968,tt0002767,nm0000096
1969,tt0002767,nm0000244
1970,tt0002767,nm0000933
1971,tt0002767,nm0000676
1972,tt0002767,nm0001310
1973,tt0002767,nm0001304
1974,tt0002771,nm0000621
1975,tt0002771,nm0000487
1976,tt0002771,nm0000084
1977,tt0002771,nm0001494
1978,tt0002771,nm0000664
1979,tt0002771,nm0001123
1980,tt0002772,nm0000211
1981,tt0002772,nm0000239
1982,tt0002772,nm0000701
1983,tt0002772,nm0000821
1984,tt0002772,nm0001266
1985,tt0002772,nm0001145
1986,tt0002772,nm0001466
1987,tt0002772,nm0001339
1988,tt0002772,nm0001086
1989,tt0002772,nm0000041
1990,tt0002785,nm0000396
1991,tt0002785,nm0000089
1992,tt0002785,nm0000166
1993,tt0002785,nm0000925
1994,tt0002785,nm0001100
1995,tt0002785,nm0000638
1996,tt0002790,nm0001286
1997,tt0002790,nm0000750
1998,tt0002790,nm0000849
1999,tt0002790,nm0001417
2000,tt0002790,nm0000852
2001,tt0002790,nm0000669
2002,tt0002790,nm0000461
2003,tt0002790,nm0000446
2004,tt0002790,nm0000323
2005,tt0002798,nm0000154
2006,tt0002798,nm0001374
2007,tt0002798,nm0001482
2008,tt0002798,nm0000441
2009,tt0002798,nm0001134
2010,tt0002798,nm0000693
2011,tt0002798,nm0000184
2012,tt0002798,nm0000184
2013,tt0002798,nm0000266
2014,tt0002798,nm0000181
2015,tt0002799,nm0000581
2016,tt0002799,nm0000721
2017,tt0002799,nm0000076
2018,tt0002799,nm0000886
2019,tt0002799,nm0001004
2020,tt0002801,nm0000296
2021,tt0002801,nm0000397
2022,tt0002801,nm0001275
2023,tt0002801,nm0001433
2024,tt0002801,nm0000957
2025,tt0002820,nm0000429
2026,tt0002820,nm0000923
2027,tt0002820,nm0000601
2028,tt0002820,nm0000480
2029,tt0002820,nm0001193
2030,tt0002820,nm0000322
2031,tt0002820,nm0000579
2032,tt0002820,nm0000558
2033,tt0002820,nm0001414
2034,tt0002820,nm0000372
2035,tt0002822,nm0000659
2036,tt0002822,nm0000925
2037,tt0002822,nm0000670
2038,tt0002822,nm0001394
2039,tt0002822,nm0000806
2040,tt0002823,nm0000169
2041,tt0002823,nm0000324
2042,tt0002823,nm0000457
2043,tt0002823,nm0001352
2044,tt0002823,nm0001391
2045,tt0002831,nm0000491
2046,tt0002831,nm0000736
2047,tt0002831,nm0000955
2048,tt0002831,nm0000883
2049,tt0002831,nm0001211
2050,tt0002831,nm0001415
2051,tt0002831,nm0000095
2052,tt0002831,nm0001002
2053,tt0002831,nm0000179
2054,tt0002831,nm0000016
2055,tt0002832,nm0001502
2056,tt0002832,nm0000116
2057,tt0002832,nm0001201
2058,tt0002832,nm0000123
2059,tt0002832,nm0000055
2060,tt0002832,nm0001289
2061,tt0002832,nm0000761
2062,tt0002832,nm0000813
2063,tt0002833,nm0000743
2064,tt0002833,nm0000033
2065,tt0002833,nm0001223
2066,tt0002833,nm0000159
2067,tt0002833,nm0000731
2068,tt0002833,nm0000055
2069,tt0002833,nm0000382
2070,tt0002837,nm0000883
2071,tt0002837,nm0000014
2072,tt0002837,nm0000515
2073,tt0002837,nm0001183
2074,tt0002837,nm0001073
2075,tt0002837,nm0000993
2076,tt0002837,nm0000047
2077,tt0002837,nm0000937
2078,tt0002837,nm0000823
2079,tt0002837,nm0000793
2080,tt0002844,nm0000100
2081,tt0002844,nm0000943
2082,tt0002844,nm0001135
2083,tt0002844,nm0001306
2084,tt0002844,nm0001131
2085,tt0002844,nm0000159
2086,tt0002857,nm0000032
2087,tt0002857,nm0000596
2088,tt0002857,nm0000671
2089,tt0002857,nm0000709
2090,tt0002857,nm0001171
2091,tt0002857,nm0001335
2092,tt0002857,nm0001015
2093,tt0002857,nm0000709
2094,tt0002858,nm0000410
2095,tt0002858,nm0000863
2096,tt0002858,nm0001191
2097,tt0002858,nm0000268
2098,tt0002858,nm0001054
2099,tt0002859,nm0000511
2100,tt0002859,nm0000047
2101,tt0002859,nm0000919
2102,tt0002859,nm0001075
2103,tt0002859,nm0000677
2104,tt0002859,nm0000195
2105,tt0002879,nm0001493
2106,tt0002879,nm0000896
2107,tt0002879,nm0000033
2108,tt0002879,nm0000878
2109,tt0002879,nm0000083
2110,tt0002879,nm0000297
2111,tt0002879,nm0000463
2112,tt0002879,nm0001083
2113,tt0002879,nm0001311
2114,tt0002879,nm0001181
2115,tt0002880,nm0001070
2116,tt0002880,nm0000891
2117,tt0002880,nm0000627
2118,tt0002880,nm0001502
2119,tt0002880,nm0001027
2120,tt0002880,nm0000291
2121,tt0002880,nm0000549
2122,tt0002880,nm0000432
2123,tt0002883,nm0000428
2124,tt0002883,nm0000696
2125,tt0002883,nm0000301
2126,tt0002883,nm0001356
2127,tt0002883,nm0001272
2128,tt0002883,nm0000344
2129,tt0002883,nm0000120
2130,tt0002885,nm0001354
2131,tt0002885,nm0000840
2132,tt0002885,nm0000723
2133,tt0002885,nm0001470
2134,tt0002885,nm0000820
2135,tt0002885,nm0000476
2136,tt0002885,nm0000613
2137,tt0002886,nm0000733
2138,tt0002886,nm0000219
2139,tt0002886,nm0000653
2140,tt0002886,nm0001278
2141,tt0002886,nm0000716
2142,tt0002886,nm0000148
2143,tt0002888,nm0000191
2144,tt0002888,nm0001362
2145,tt0002888,nm0000073
2146,tt0002888,nm0000004
2147,tt0002888,nm0000570
2148,tt0002888,nm0000186
2149,tt0002888,nm0000516
2150,tt0002888,nm0001329
2151,tt0002888,nm0000326
2152,tt0002888,nm0001200
2153,tt0002889,nm0000670
2154,tt0002889,nm0001472
2155,tt0002889,nm0001384
2156,tt0002889,nm0000750
2157,tt0002889,nm0001051
2158,tt0002889,nm0001017
2159,tt0002889,nm0000898
2160,tt0002889,nm0001252
2161,tt0002898,nm0000369
2162,tt0002898,nm0001185
2163,tt0002898,nm0000032
2164,tt0002898,nm0000191
2165,tt0002898,nm0001140
2166,tt0002901,nm0000753
2167,tt0002901,nm0000048
2168,tt0002901,nm0000008
2169,tt0002901,nm0001378
2170,tt0002901,nm0000896
2171,tt0002901,nm0000188
2172,tt0002901,nm0001386
2173,tt0002901,nm0000668
2174,tt0002901,nm0000437
2175,tt0002909,nm0000200
2176,tt0002909,nm0001036
2177,tt0002909,nm0000235
2178,tt0002909,nm0000612
2179,tt0002909,nm0001197
2180,tt0002909,nm0001162
2181,tt0002909,nm0000524
2182,tt0002909,nm0000696
2183,tt0002909,nm0001074
2184,tt0002916,nm0000398
2185,tt0002916,nm0000371
2186,tt0002916,nm0000083
2187,tt0002916,nm0000627
2188,tt0002916,nm0001284
2189,tt0002916,nm0001130
2190,tt0002916,nm0000536
2191,tt0002916,nm0001496
2192,tt0002917,nm0000538
2193,tt0002917,nm0000422
2194,tt0002917,nm0001143
2195,tt0002917,nm0000524
2196,tt0002917,nm0000206
2197,tt0002917,nm0001240
2198,tt0002917,nm0000484
2199,tt0002917,nm0000381
2200,tt0002917,nm0001369
2201,tt0002917,nm0001365
2202,tt0002922,nm0000100
2203,tt0002922,nm0000593
2204,tt0002922,nm0000662
2205,tt0002922,nm0001460
2206,tt0002922,nm0001213
2207,tt0002922,nm0000796
2208,tt0002928,nm0000821
2209,tt0002928,nm0000663
2210,tt0002928,nm0000957
2211,tt0002928,nm0001361
2212,tt0002928,nm0000270
2213,tt0002928,nm0000217
2214,tt0002928,nm0000396
2215,tt0002928,nm0000959
2216,tt0002928,nm0001494
2217,tt0002928,nm0001467
2218,tt0002953,nm0000027
2219,tt0002953,nm0000591
2220,tt0002953,nm0000246
2221,tt0002953,nm0000211
2222,tt0002953,nm0000243
2223,tt0002958,nm0000022
2224,tt0002958,nm0001273
2225,tt0002958,nm0001058
2226,tt0002958,nm0000686
2227,tt0002958,nm0000874
2228,tt0002973,nm0000761
2229,tt0002973,nm0000177
2230,tt0002973,nm0001407
2231,tt0002973,nm0000553
2232,tt0002973,nm0000290
2233,tt0002973,nm0001357
2234,tt0002973,nm0000658
2235,tt0002973,nm0000239
2236,tt0002975,nm0001193
2237,tt0002975,nm0000860
2238,tt0002975,nm0001419
2239,tt0002975,nm0000772
2240,tt0002975,nm0000107
2241,tt0002975,nm0000960
2242,tt0002975,nm0000613
2243,tt0002975,nm0001103
2244,tt0002975,nm0001343
2245,tt0002977,nm0000297
2246,tt0002977,nm0000348
2247,tt0002977,nm0000720
2248,tt0002977,nm0001345
2249,tt0002977,nm0000854
2250,tt0002977,nm0000665
2251,tt0002977,nm0001172
2252,tt0002977,nm0000105
2253,tt0002978,nm0001423
2254,tt0002978,nm0000814
2255,tt0002978,nm0000621
2256,tt0002978,nm0000052
2257,tt0002978,nm0000709
2258,tt0002978,nm0001372
2259,tt0002978,nm0000724
2260,tt0002978,nm0001297
2261,tt0002981,nm0000620
2262,tt0002981,nm0000128
2263,tt0002981,nm0000766
2264,tt0002981,nm0000183
2265,tt0002981,nm0001108
2266,tt0002987,nm0001103
2267,tt0002987,nm0001076
2268,tt0002987,nm0000869
2269,tt0002987,nm0000855
2270,tt0002987,nm0000291
2271,tt0002987,nm0001392
2272,tt0002987,nm0001481
2273,tt0002987,nm0001458
2274,tt0002996,nm0000185
2275,tt0002996,nm0000908
2276,tt0002996,nm0000383
2277,tt0002996,nm0000642
2278,tt0002996,nm0001042
2279,tt0002996,nm0000115
2280,tt0002996,nm0000419
2281,tt0002996,nm0001237
2282,tt0002996,nm0000234
2283,tt0003002,nm0000912
2284,tt0003002,nm0001100
2285,tt0003002,nm0001501
2286,tt0003002,nm0000318
2287,tt0003002,nm0000612
2288,tt0003002,nm0000661
2289,tt0003006,nm0000121
2290,tt0003006,nm0001089
2291,tt0003006,nm0001112
2292,tt0003006,nm0000646
2293,tt0003006,nm0000122
2294,tt0003006,nm0000017
2295,tt0003006,nm0001239
2296,tt0003008,nm0000461
2297,tt0003008,nm0000154
2298,tt0003008,nm0000813
2299,tt0003008,nm0000602
2300,tt0003008,nm0001458
2301,tt0003008,nm0000221
2302,tt0003010,nm0001106
2303,tt0003010,nm0000215
2304,tt0003010,nm0000062
2305,tt0003010,nm0000043
2306,tt0003010,nm0001085
2307,tt0003014,nm0001341
2308,tt0003014,nm0000082
2309,tt0003014,nm0001296
2310,tt0003014,nm0000051
2311,tt0003014,nm0000325
2312,tt0003014,nm0000885
2313,tt0003014,nm0000148
2314,tt0003015,nm0001039
2315,tt0003015,nm0000755
2316,tt0003015,nm0001254
2317,tt0003015,nm0000789
2318,tt0003015,nm0000816
2319,tt0003015,nm0000337
2320,tt0003022,nm0000367
2321,tt0003022,nm0000130
2322,tt0003022,nm0001295
2323,tt0003022,nm0000467
2324,tt0003022,nm0000679
2325,tt0003022,nm0000110
2326,tt0003022,nm0001272
2327,tt0003022,nm0000842
2328,tt0003022,nm0001099
2329,tt0003024,nm0000391
2330,tt0003024,nm0000595
2331,tt0003024,nm0000861
2332,tt0003024,nm0001113
2333,tt0003024,nm0000030
2334,tt0003024,nm0001431
2335,tt0003024,nm0001060
2336,tt0003024,nm0000188
2337,tt0003024,nm0000509
2338,tt0003024,nm0000681
2339,tt0003037,nm0000257
2340,tt0003037,nm0001212
2341,tt0003037,nm0000737
2342,tt0003037,nm0000132
2343,tt0003037,nm0001010
2344,tt0003037,nm0001227
2345,tt0003037,nm0001243
2346,tt0003037,nm0001204
2347,tt0003039,nm0000417
2348,tt0003039,nm0001472
2349,tt0003039,nm0000145
2350,tt0003039,nm0001288
2351,tt0003039,nm0000217
2352,tt0003039,nm0000221
2353,tt0003039,nm0001041
2354,tt0003039,nm0000605
2355,tt0003039,nm0000518
2356,tt0003039,nm0000248
2357,tt0003042,nm0000181
2358,tt0003042,nm0000078
2359,tt0003042,nm0000351
2360,tt0003042,nm0001491
2361,tt0003042,nm0001128
2362,tt0003045,nm0001397
2363,tt0003045,nm0000114
2364,tt0003045,nm0000231
2365,tt0003045,nm0001369
2366,tt0003045,nm0000855
2367,tt0003048,nm0001268
2368,tt0003048,nm0000600
2369,tt0003048,nm0001286
2370,tt0003048,nm0000219
2371,tt0003048,nm0001061
2372,tt0003048,nm0000342
2373,tt0003051,nm0000957
2374,tt0003051,nm0000011
2375,tt0003051,nm0000994
2376,tt0003051,nm0000803
2377,tt0003051,nm0001355
2378,tt0003051,nm0001452
2379,tt0003053,nm0001460
2380,tt0003053,nm0000262
2381,tt0003053,nm0001277
2382,tt0003053,nm0000085
2383,tt0003053,nm0000187
2384,tt0003053,nm0000905
2385,tt0003056,nm0000973
2386,tt0003056,nm0000338
2387,tt0003056,nm0001345
2388,tt0003056,nm0000288
2389,tt0003056,nm0001482
2390,tt0003056,nm0001457
2391,tt0003058,nm0000467
2392,tt0003058,nm0000020
2393,tt0003058,nm0001122
2394,tt0003058,nm0000959
2395,tt0003058,nm0001006
2396,tt0003058,nm0001236
2397,tt0003058,nm0000894
2398,tt0003058,nm0001246
2399,tt0003069,nm0000942
2400,tt0003069,nm0001501
2401,tt0003069,nm0000762
2402,tt0003069,nm0001112
2403,tt0003069,nm0000925
2404,tt0003069,nm0000009
2405,tt0003069,nm0000306
2406,tt0003070,nm0000814
2407,tt0003070,nm0000480
2408,tt0003070,nm0001289
2409,tt0003070,nm0001427
2410,tt0003070,nm0001155
2411,tt0003076,nm0000237
2412,tt0003076,nm0001469
2413,tt0003076,nm0000376
2414,tt0003076,nm0001411
2415,tt0003076,nm0001035
2416,tt0003076,nm0001095
2417,tt0003076,nm0001107
2418,tt0003076,nm0000803
2419,tt0003076,nm0000558
2420,tt0003076,nm0001199
2421,tt0003084,nm0001453
2422,tt0003084,nm0001132
2423,tt0003084,nm0000313
2424,tt0003084,nm0000947
2425,tt0003084,nm0000762
2426,tt0003084,nm0000035
2427,tt0003084,nm0000645
2428,tt0003084,nm0000344
2429,tt0003098,nm0000410
2430,tt0003098,nm0000356
2431,tt0003098,nm0000827
2432,tt0003098,nm0000277
2433,tt0003098,nm0001368
2434,tt0003098,nm0000719
2435,tt0003098,nm0001067
2436,tt0003098,nm0000361
2437,tt0003100,nm0000505
2438,tt0003100,nm0000113
2439,tt0003100,nm0000864
2440,tt0003100,nm0001370
2441,tt0003100,nm0000502
2442,tt0003100,nm0000275
2443,tt0003101,nm0000955
2444,tt0003101,nm0001227
2445,tt0003101,nm0001373
2446,tt0003101,nm0000393
2447,tt0003101,nm0001502
2448,tt0003102,nm0000150
2449,tt0003102,nm0000521
2450,tt0003102,nm0000757
2451,tt0003102,nm0000492
2452,tt0003102,nm0000322
2453,tt0003102,nm0001382
2454,tt0003102,nm0000286
2455,tt0003102,nm0000175
2456,tt0003102,nm0000655
2457,tt0003108,nm0000046
2458,tt0003108,nm0000166
2459,tt0003108,nm0001178
2460,tt0003108,nm0001296
2461,tt0003108,nm0000771
2462,tt0003113,nm0001487
2463,tt0003113,nm0000094
2464,tt0003113,nm0000295
2465,tt0003113,nm0000501
2466,tt0003113,nm0000150
2467,tt0003113,nm0000426
2468,tt0003113,nm0001145
2469,tt0003113,nm0000144
2470,tt0003116,nm0000942
2471,tt0003116,nm0000525
2472,tt0003116,nm0000660
2473,tt0003116,nm0001371
2474,tt0003116,nm0000042
2475,tt0003116,nm0000367
2476,tt0003116,nm0000822
2477,tt0003116,nm0001146
2478,tt0003116,nm0000806
2479,tt0003116,nm0001354
2480,tt0003119,nm0001247
2481,tt0003119,nm0000364
2482,tt0003119,nm0000080
2483,tt0003119,nm0001329
2484,tt0003119,nm0000478
2485,tt0003124,nm0000502
2486,tt0003124,nm0000244
2487,tt0003124,nm0000301
2488,tt0003124,nm0000971
2489,tt0003124,nm0000355
2490,tt0003124,nm0000079
2491,tt0003124,nm0001378
2492,tt0003124,nm0000758
2493,tt0003131,nm0000828
2494,tt0003131,nm0001206
2495,tt0003131,nm0000412
2496,tt0003131,nm0001172
2497,tt0003131,nm0001432
2498,tt0003131,nm0000354
2499,tt0003131,nm0000092
2500,tt0003131,nm0000897
2501,tt0003133,nm0000983
2502,tt0003133,nm0000670
2503,tt0003133,nm0000850
2504,tt0003133,nm0000401
2505,tt0003133,nm0001016
2506,tt0003133,nm0001054
2507,tt0003133,nm0000467
2508,tt0003133,nm0001494
2509,tt0003139,nm0000701
2510,tt0003139,nm0001204
2511,tt0003139,nm0001381
2512,tt0003139,nm0000573
2513,tt0003139,nm0000739
2514,tt0003140,nm0000586
2515,tt0003140,nm0001039
2516,tt0003140,nm0001057
2517,tt0003140,nm0000558
2518,tt0003140,nm0000447
2519,tt0003140,nm0000167
2520,tt0003140,nm0000619
2521,tt0003140,nm0001367
2522,tt0003140,nm0001259
2523,tt0003143,nm0001417
2524,tt0003143,nm0001280
2525,tt0003143,nm0001484
2526,tt0003143,nm0001378
2527,tt0003143,nm0001237
2528,tt0003143,nm0000761
2529,tt0003143,nm0001448
2530,tt0003143,nm0000098
2531,tt0003143,nm0000690
2532,tt0003150,nm0000423
2533,tt0003150,nm0001171
2534,tt0003150,nm0000023
2535,tt0003150,nm0000270
2536,tt0003150,nm0001131
2537,tt0003150,nm0000386
2538,tt0003150,nm0000953
2539,tt0003159,nm0000120
2540,tt0003159,nm0000538
2541,tt0003159,nm0001360
2542,tt0003159,nm0001134
2543,tt0003159,nm0000052
2544,tt0003159,nm0000805
2545,tt0003159,nm0000961
2546,tt0003159,nm0000545
2547,tt0003160,nm0000636
2548,tt0003160,nm0000713
2549,tt0003160,nm0000621
2550,tt0003160,nm0000732
2551,tt0003160,nm0000932
2552,tt0003162,nm0000287
2553,tt0003162,nm0001082
2554,tt0003162,nm0000141
2555,tt0003162,nm0001495
2556,tt0003162,nm0001449
2557,tt0003162,nm0000211
2558,tt0003162,nm0000707
2559,tt0003162,nm0001311
2560,tt0003165,nm0000175
2561,tt0003165,nm0000781
2562,tt0003165,nm0000557
2563,tt0003165,nm0000557
2564,tt0003165,nm0000627
2565,tt0003165,nm0000900
2566,tt0003165,nm0000515
2567,tt0003165,nm0000052
2568,tt0003167,nm0001491
2569,tt0003167,nm0000991
2570,tt0003167,nm0000693
2571,tt0003167,nm0000540
2572,tt0003167,nm0000312
2573,tt0003167,nm0000303
2574,tt0003167,nm0001458
2575,tt0003167,nm0000841
2576,tt0003167,nm0000829
2577,tt0003167,nm0001260
2578,tt0003171,nm0001420
2579,tt0003171,nm0001440
2580,tt0003171,nm0001206
2581,tt0003171,nm0000922
2582,tt0003171,nm0000983
2583,tt0003171,nm0000946
2584,tt0003206,nm0001306
2585,tt0003206,nm0000397
2586,tt0003206,nm0000755
2587,tt0003206,nm0000565
2588,tt0003206,nm0001367
2589,tt0003206,nm0000856
2590,tt0003206,nm0001427
2591,tt0003206,nm0000184
2592,tt0003206,nm0000779
2593,tt0003208,nm0001449
2594,tt0003208,nm0000886
2595,tt0003208,nm0000557
2596,tt0003208,nm0000913
2597,tt0003208,nm0001382
2598,tt0003218,nm0001432
2599,tt0003218,nm0000180
2600,tt0003218,nm0000600
2601,tt0003218,nm0001397
2602,tt0003218,nm0000124
2603,tt0003218,nm0001095
2604,tt0003218,nm0001129
2605,tt0003218,nm0000282
2606,tt0003218,nm0000359
2607,tt0003218,nm0000579
2608,tt0003219,nm0000706
2609,tt0003219,nm0000817
2610,tt0003219,nm0001253
2611,tt0003219,nm0000765
2612,tt0003219,nm0000239
2613,tt0003219,nm0001388
2614,tt0003227,nm0001161
2615,tt0003227,nm0000135
2616,tt0003227,nm0001385
2617,tt0003227,nm0000046
2618,tt0003227,nm0001134
2619,tt0003227,nm0000915
2620,tt0003227,nm0001091
2621,tt0003227,nm0000406
2622,tt0003227,nm0000007
2623,tt0003230,nm0000729
2624,tt0003230,nm0000788
2625,tt0003230,nm0001264
2626,tt0003230,nm0000880
2627,tt0003230,nm0001341
2628,tt0003240,nm0000756
2629,tt0003240,nm0000628
2630,tt0003240,nm0000992
2631,tt0003240,nm0000718
2632,tt0003240,nm0001416
2633,tt0003241,nm0001133
2634,tt0003241,nm0000917
2635,tt0003241,nm0000842
2636,tt0003241,nm0000229
2637,tt0003241,nm0000070
2638,tt0003241,nm0000467
2639,tt0003243,nm0001114
2640,tt0003243,nm0001347
2641,tt0003243,nm0000456
2642,tt0003243,nm0000858
2643,tt0003243,nm0001299
2644,tt0003243,nm0000259
2645,tt0003243,nm0000969
2646,tt0003267,nm0000097
2647,tt0003267,nm0000767
2648,tt0003267,nm0000538
2649,tt0003267,nm0001500
2650,tt0003267,nm0001461
2651,tt0003271,nm0000655
2652,tt0003271,nm0000220
2653,tt0003271,nm0000611
2654,tt0003271,nm0000881
2655,tt0003271,nm0001445
2656,tt0003271,nm0000739
2657,tt0003271,nm0000948
2658,tt0003271,nm0001423
2659,tt0003287,nm0001328
2660,tt0003287,nm0001236
2661,tt0003287,nm0000688
2662,tt0003287,nm0000935
2663,tt0003287,nm0001379
2664,tt0003287,nm0000029
2665,tt0003289,nm0000842
2666,tt0003289,nm0001316
2667,tt0003289,nm0000141
2668,tt0003289,nm0000342
2669,tt0003289,nm0000591
2670,tt0003289,nm0001410
2671,tt0003294,nm0000929
2672,tt0003294,nm0000635
2673,tt0003294,nm0000480
2674,tt0003294,nm0000639
2675,tt0003294,nm0001268
2676,tt0003298,nm0000251
2677,tt0003298,nm0000183
2678,tt0003298,nm0000634
2679,tt0003298,nm0000818
2680,tt0003298,nm0000886
2681,tt0003298,nm0000525
2682,tt0003299,nm0000935
2683,tt0003299,nm0000018
2684,tt0003299,nm0000024
2685,tt0003299,nm0000558
2686,tt0003299,nm0000899
2687,tt0003299,nm0000480
2688,tt0003299,nm0001465
2689,tt0003299,nm0000117
2690,tt0003299,nm0000496
2691,tt0003301,nm0001118
2692,tt0003301,nm0001157
2693,tt0003301,nm0000218
2694,tt0003301,nm0001329
2695,tt0003301,nm0001353
2696,tt0003301,nm0001051
2697,tt0003301,nm0000372
2698,tt0003301,nm0000092
2699,tt0003301,nm0000809
2700,tt0003305,nm0000597
2701,tt0003305,nm0000114
2702,tt0003305,nm0001306
2703,tt0003305,nm0001263
2704,tt0003305,nm0001126
2705,tt0003305,nm0000249
2706,tt0003305,nm0001385
2707,tt0003305,nm0001302
2708,tt0003305,nm0000953
2709,tt0003306,nm0001305
2710,tt0003306,nm0000644
2711,tt0003306,nm0001357
2712,tt0003306,nm0000636
2713,tt0003306,nm0000664
2714,tt0003306,nm0000165
2715,tt0003306,nm0000050
2716,tt0003306,nm0000408
2717,tt0003309,nm0001132
2718,tt0003309,nm0000282
2719,tt0003309,nm0000991
2720,tt0003309,nm0001243
2721,tt0003309,nm0000694
2722,tt0003309,nm0000737
2723,tt0003309,nm0000369
2724,tt0003309,nm0000871
2725,tt0003309,nm0000418
2726,tt0003309,nm0000123
2727,tt0003330,nm0001475
2728,tt0003330,nm0000290
2729,tt0003330,nm0001426
2730,tt0003330,nm0001084
2731,tt0003330,nm0001141
2732,tt0003330,nm0000582
2733,tt0003332,nm0000359
2734,tt0003332,nm0000826
2735,tt0003332,nm0001052
2736,tt0003332,nm0000316
2737,tt0003332,nm0000233
2738,tt0003332,nm0000769
2739,tt0003332,nm0000562
2740,tt0003332,nm0001141
2741,tt0003332,nm0001433
2742,tt0003332,nm0000729
2743,tt0003334,nm0000660
2744,tt0003334,nm0001270
2745,tt0003334,nm0000407
2746,tt0003334,nm0001461
2747,tt0003334,nm0000824
2748,tt0003334,nm0000434
2749,tt0003334,nm0000753
2750,tt0003334,nm0001268
2751,tt0003334,nm0001249
2752,tt0003334,nm0001020
2753,tt0003337,nm0001284
2754,tt0003337,nm0000717
2755,tt0003337,nm0000264
2756,tt0003337,nm0000923
2757,tt0003337,nm0000264
2758,tt0003337,nm0000524
2759,tt0003351,nm0000209
2760,tt0003351,nm0001004
2761,tt0003351,nm0000600
2762,tt0003351,nm0000686
2763,tt0003351,nm0001131
2764,tt0003362,nm0000214
2765,tt0003362,nm0001125
2766,tt0003362,nm0001339
2767,tt0003362,nm0000886
2768,tt0003362,nm0001279
2769,tt0003362,nm0001183
2770,tt0003362,nm0000473
2771,tt0003362,nm0000765
2772,tt0003363,nm0001501
2773,tt0003363,nm0001037
2774,tt0003363,nm0000105
2775,tt0003363,nm0000905
2776,tt0003363,nm0001337
2777,tt0003363,nm0001087
2778,tt0003363,nm0000047
2779,tt0003363,nm0000976
2780,tt0003363,nm0000386
2781,tt0003363,nm0001088
2782,tt0003365,nm0000986
2783,tt0003365,nm0000145
2784,tt0003365,nm0001159
2785,tt0003365,nm0001065
2786,tt0003365,nm0001275
2787,tt0003365,nm0000587
2788,tt0003366,nm0000563
2789,tt0003366,nm0000250
2790,tt0003366,nm0001360
2791,tt0003366,nm0001185
2792,tt0003366,nm0000219
2793,tt0003366,nm0000580
2794,tt0003366,nm0000157
2795,tt0003366,nm0000786
2796,tt0003366,nm0000772
2797,tt0003367,nm0000896
2798,tt0003367,nm0000711
2799,tt0003367,nm0000125
2800,tt0003367,nm0001082
2801,tt0003367,nm0001493
2802,tt0003367,nm0001498
2803,tt0003367,nm0000734
2804,tt0003367,nm0000254
2805,tt0003367,nm0000917
2806,tt0003367,nm0001244
2807,tt0003376,nm0000829
2808,tt0003376,nm0000198
2809,tt0003376,nm0001388
2810,tt0003376,nm0000491
2811,tt0003376,nm0001167
2812,tt0003378,nm0001202
2813,tt0003378,nm0001131
2814,tt0003378,nm0001198
2815,tt0003378,nm0001017
2816,tt0003378,nm0001252
2817,tt0003378,nm0000706
2818,tt0003378,nm0000212
2819,tt0003378,nm0000234
2820,tt0003378,nm0001108
2821,tt0003379,nm0000204
2822,tt0003379,nm0001206
2823,tt0003379,nm0000902
2824,tt0003379,nm0000596
2825,tt0003379,nm0000314
2826,tt0003379,nm0000455
2827,tt0003379,nm0001040
2828,tt0003379,nm0000137
2829,tt0003379,nm0000116
2830,tt0003386,nm0000342
2831,tt0003386,nm0000111
2832,tt0003386,nm0000503
2833,tt0003386,nm0000208
2834,tt0003386,nm0000336
2835,tt0003387,nm0001213
2836,tt0003387,nm0000426
2837,tt0003387,nm0000371
2838,tt0003387,nm0001456
2839,tt0003387,nm0001168
2840,tt0003387,nm0000884
2841,tt0003387,nm0001388
2842,tt0003390,nm0000577
2843,tt0003390,nm0001026
2844,tt0003390,nm0001390
2845,tt0003390,nm0000228
2846,tt0003390,nm0000903
2847,tt0003390,nm0001077
2848,tt0003390,nm0001371
2849,tt0003390,nm0001331
2850,tt0003390,nm0000520
2851,tt0003390,nm0000130
2852,tt0003394,nm0000997
2853,tt0003394,nm0001155
2854,tt0003394,nm0000864
2855,tt0003394,nm0000383
2856,tt0003394,nm0000928
2857,tt0003394,nm0000053
2858,tt0003394,nm0001336
2859,tt0003404,nm0000860
2860,tt0003404,nm0001021
2861,tt0003404,nm0000936
2862,tt0003404,nm0001236
2863,tt0003404,nm0001335
2864,tt0003404,nm0000526
2865,tt0003404,nm0000672
2866,tt0003404,nm0001315
2867,tt0003404,nm0000696
2868,tt0003404,nm0001443
2869,tt0003406,nm0000392
2870,tt0003406,nm0000179
2871,tt0003406,nm0000032
2872,tt0003406,nm0000047
2873,tt0003406,nm0000574
2874,tt0003406,nm0000869
2875,tt0003406,nm0001192
2876,tt0003406,nm0001180
2877,tt0003406,nm0000816
2878,tt0003414,nm0000091
2879,tt0003414,nm0000789
2880,tt0003414,nm0000865
2881,tt0003414,nm0000677
2882,tt0003414,nm0000209
2883,tt0003414,nm0000788
2884,tt0003414,nm0000734
2885,tt0003414,nm0001364
2886,tt0003414,nm0000778
2887,tt0003414,nm0000501
2888,tt0003419,nm0000531
2889,tt0003419,nm0000538
2890,tt0003419,nm0001031
2891,tt0003419,nm0001182
2892,tt0003419,nm0001094
2893,tt0003419,nm0001223
2894,tt0003423,nm0000429
2895,tt0003423,nm0000784
2896,tt0003423,nm0001320
2897,tt0003423,nm0001130
2898,tt0003423,nm0001393
2899,tt0003423,nm0000516
2900,tt0003431,nm0000811
2901,tt0003431,nm0000030
2902,tt0003431,nm0000716
2903,tt0003431,nm0001301
2904,tt0003431,nm0001432
2905,tt0003438,nm0000796
2906,tt0003438,nm0000601
2907,tt0003438,nm0000660
2908,tt0003438,nm0001167
2909,tt0003438,nm0001331
2910,tt0003438,nm0000915
2911,tt0003438,nm0000385
2912,tt0003438,nm0000180
2913,tt0003438,nm0001470
2914,tt0003441,nm0000419
2915,tt0003441,nm0000987
2916,tt0003441,nm0001241
2917,tt0003441,nm0000049
2918,tt0003441,nm0000113
2919,tt0003441,nm0000890
2920,tt0003441,nm0001414
2921,tt0003441,nm0000194
2922,tt0003441,nm0000102
2923,tt0003442,nm0000909
2924,tt0003442,nm0001476
2925,tt0003442,nm0000750
2926,tt0003442,nm0001465
2927,tt0003442,nm0000268
2928,tt0003449,nm0000950
2929,tt0003449,nm0001259
2930,tt0003449,nm0001170
2931,tt0003449,nm0000829
2932,tt0003449,nm0000595
2933,tt0003449,nm0001088
2934,tt0003449,nm0000074
2935,tt0003449,nm0000978
2936,tt0003456,nm0001306
2937,tt0003456,nm0001222
2938,tt0003456,nm0000982
2939,tt0003456,nm0000098
2940,tt0003456,nm0000375
2941,tt0003464,nm0000139
2942,tt0003464,nm0000865
2943,tt0003464,nm0000783
2944,tt0003464,nm0000885
2945,tt0003464,nm0000338
2946,tt0003464,nm0000964
2947,tt0003464,nm0001077
2948,tt0003464,nm0000081
2949,tt0003464,nm0001424
2950,tt0003465,nm0000106
2951,tt0003465,nm0000597
2952,tt0003465,nm0000666
2953,tt0003465,nm0000267
2954,tt0003465,nm0001481
2955,tt0003465,nm0000897
2956,tt0003469,nm0001112
2957,tt0003469,nm0000218
2958,tt0003469,nm0000629
2959,tt0003469,nm0000989
2960,tt0003469,nm0000562
